{"stats":{"minecraft:mined":{"minecraft:cherry_log":7,"minecraft:cobblestone_stairs":1,"minecraft:jungle_leaves":2,"minecraft:dark_oak_fence":1,"minecraft:grass_block":25,"minecraft:decorated_pot":1,"minecraft:spruce_leaves":82,"minecraft:furnace":1,"minecraft:carrots":14,"minecraft:iron_ore":4,"minecraft:gold_block":11,"minecraft:mossy_stone_brick_stairs":2,"minecraft:dirt_path":1,"minecraft:stone":320,"minecraft:tripwire":1,"minecraft:red_bed":4,"minecraft:melon_stem":3,"minecraft:smoker":1,"minecraft:orange_terracotta":1,"minecraft:powder_snow":1,"minecraft:crafting_table":2,"minecraft:short_grass":10,"minecraft:chest":1,"minecraft:dead_bush":1,"minecraft:campfire":1,"minecraft:cobblestone":6,"minecraft:sculk":21,"minecraft:diorite":24,"minecraft:wall_torch":4,"minecraft:pink_petals":26,"minecraft:wheat":36,"minecraft:ice":1,"minecraft:brown_wall_banner":1,"minecraft:spruce_log":32,"minecraft:birch_leaves":1,"minecraft:oak_log":20,"minecraft:coal_ore":78,"minecraft:beetroots":4,"minecraft:cherry_leaves":110,"minecraft:sand":1,"minecraft:dirt":14,"minecraft:terracotta":4,"minecraft:stone_bricks":2,"minecraft:mossy_stone_bricks":1,"minecraft:gold_ore":3,"minecraft:oak_leaves":5},"minecraft:killed_by":{"minecraft:player":1,"minecraft:iron_golem":2,"minecraft:skeleton":2},"minecraft:dropped":{"minecraft:wheat_seeds":42,"minecraft:crafting_table":1,"minecraft:feather":2,"minecraft:stick":1,"minecraft:dirt":28,"minecraft:red_bed":1,"minecraft:diorite":15,"minecraft:dark_oak_fence":1,"minecraft:wooden_axe":1,"minecraft:rabbit":1,"minecraft:spruce_sapling":1,"minecraft:stone_axe":3,"minecraft:stone_sword":1,"minecraft:stone_shovel":1,"minecraft:spruce_fence":1,"minecraft:poppy":1,"minecraft:tipped_arrow":1,"minecraft:beetroot_seeds":4,"minecraft:melon_seeds":3,"minecraft:bamboo":1,"minecraft:arrow":4,"minecraft:stone_pickaxe":1,"minecraft:brick":7,"minecraft:terracotta":2},"minecraft:picked_up":{"minecraft:wooden_axe":3,"minecraft:charcoal":8,"minecraft:crafting_table":7,"minecraft:chicken":2,"minecraft:gold_block":11,"minecraft:potion":5,"minecraft:brick":21,"minecraft:shield":3,"minecraft:red_bed":9,"minecraft:spruce_planks":81,"minecraft:beef":16,"minecraft:poppy":1,"minecraft:iron_pickaxe":3,"minecraft:chest":5,"minecraft:furnace":3,"minecraft:tipped_arrow":1,"minecraft:stick":7,"minecraft:raw_iron":16,"minecraft:torch":118,"minecraft:spruce_fence":2,"minecraft:snow_block":1,"minecraft:porkchop":4,"minecraft:cherry_log":18,"minecraft:pointed_dripstone":7,"minecraft:diorite":45,"minecraft:carrot":64,"minecraft:rabbit_foot":3,"minecraft:rotten_flesh":16,"minecraft:stone_sword":7,"minecraft:arrow":12,"minecraft:stone_shovel":1,"minecraft:beetroot_seeds":4,"minecraft:snowball":23,"minecraft:cobblestone":1395,"minecraft:pink_petals":128,"minecraft:feather":2,"minecraft:smoker":2,"minecraft:potato":57,"minecraft:oak_log":78,"minecraft:dirt":144,"minecraft:name_tag":1,"minecraft:bone":14,"minecraft:stone_bricks":1,"minecraft:wheat_seeds":129,"minecraft:iron_ingot":18,"minecraft:stone_pickaxe":2,"minecraft:rabbit":3,"minecraft:bamboo":1,"minecraft:oak_planks":56,"minecraft:mossy_stone_brick_stairs":4,"minecraft:cooked_porkchop":5,"minecraft:pumpkin":2,"minecraft:spruce_sapling":6,"minecraft:spruce_log":105,"minecraft:diamond":2,"minecraft:stone_axe":7,"minecraft:crossbow":5,"minecraft:cherry_sapling":12,"minecraft:bread":10,"minecraft:terracotta":2,"minecraft:baked_potato":2,"minecraft:coal":489,"minecraft:brown_banner":1,"minecraft:melon_seeds":9,"minecraft:dark_oak_fence":1},"minecraft:killed":{"minecraft:bogged":1,"minecraft:spider":1,"minecraft:skeleton":3,"minecraft:chicken":1,"minecraft:pig":2,"minecraft:iron_golem":1,"minecraft:zombie":3,"minecraft:cow":3},"minecraft:crafted":{"minecraft:oak_planks":20,"minecraft:furnace":1,"minecraft:stone_pickaxe":1,"minecraft:cooked_porkchop":4,"minecraft:crafting_table":1,"minecraft:spruce_planks":16,"minecraft:stone_axe":1,"minecraft:air":0,"minecraft:shield":1,"minecraft:stick":16,"minecraft:iron_pickaxe":1,"minecraft:stone_sword":1,"minecraft:torch":36},"minecraft:used":{"minecraft:stone_sword":59,"minecraft:shield":5,"minecraft:rotten_flesh":9,"minecraft:torch":19,"minecraft:carrot":2,"minecraft:snowball":23,"minecraft:stone_bricks":1,"minecraft:furnace":1,"minecraft:pointed_dripstone":4,"minecraft:stone_pickaxe":19,"minecraft:baked_potato":2,"minecraft:crafting_table":2,"minecraft:red_bed":2,"minecraft:brown_banner":1,"minecraft:spruce_log":2,"minecraft:bread":20,"minecraft:iron_pickaxe":132,"minecraft:stone_axe":202,"minecraft:cobblestone":147,"minecraft:cooked_porkchop":4},"minecraft:custom":{"minecraft:mob_kills":15,"minecraft:interact_with_crafting_table":5,"minecraft:bell_ring":41,"minecraft:leave_game":2,"minecraft:time_since_death":6519,"minecraft:climb_one_cm":9913,"minecraft:sprint_one_cm":331918,"minecraft:walk_one_cm":303048,"minecraft:damage_blocked_by_shield":360,"minecraft:drop":27,"minecraft:talked_to_villager":5,"minecraft:play_time":120973,"minecraft:deaths":7,"minecraft:sneak_time":6773,"minecraft:walk_under_water_one_cm":4648,"minecraft:boat_one_cm":448270,"minecraft:jump":2557,"minecraft:walk_on_water_one_cm":8184,"minecraft:total_world_time":120973,"minecraft:interact_with_furnace":4,"minecraft:sleep_in_bed":1,"minecraft:time_since_rest":6575,"minecraft:open_enderchest":1,"minecraft:damage_taken":4671,"minecraft:trigger_trapped_chest":6,"minecraft:damage_dealt":3199,"minecraft:swim_one_cm":5815,"minecraft:fly_one_cm":327964,"minecraft:open_chest":18,"minecraft:crouch_one_cm":27441,"minecraft:fall_one_cm":75121}},"DataVersion":3953}