{"stats":{"minecraft:mined":{"minecraft:red_bed":2,"minecraft:melon_stem":3,"minecraft:crafting_table":1,"minecraft:dark_oak_fence":1,"minecraft:short_grass":3,"minecraft:grass_block":25,"minecraft:chest":1,"minecraft:campfire":1,"minecraft:cobblestone":3,"minecraft:spruce_leaves":79,"minecraft:sculk":21,"minecraft:diorite":24,"minecraft:wall_torch":2,"minecraft:iron_ore":4,"minecraft:wheat":23,"minecraft:ice":1,"minecraft:spruce_log":11,"minecraft:brown_wall_banner":1,"minecraft:coal_ore":75,"minecraft:oak_log":19,"minecraft:dirt_path":1,"minecraft:dirt":14,"minecraft:stone":316,"minecraft:gold_ore":3},"minecraft:killed_by":{"minecraft:skeleton":2,"minecraft:iron_golem":2},"minecraft:dropped":{"minecraft:stone_axe":1,"minecraft:spruce_fence":1,"minecraft:stick":1,"minecraft:poppy":1,"minecraft:diorite":15,"minecraft:dark_oak_fence":1,"minecraft:wooden_axe":1,"minecraft:stone_pickaxe":1},"minecraft:picked_up":{"minecraft:wooden_axe":3,"minecraft:charcoal":6,"minecraft:crafting_table":5,"minecraft:potion":3,"minecraft:oak_log":47,"minecraft:shield":1,"minecraft:brick":14,"minecraft:dirt":116,"minecraft:red_bed":5,"minecraft:bone":6,"minecraft:wheat_seeds":87,"minecraft:spruce_planks":59,"minecraft:iron_ingot":14,"minecraft:stone_pickaxe":2,"minecraft:poppy":1,"minecraft:iron_pickaxe":1,"minecraft:chest":3,"minecraft:oak_planks":28,"minecraft:raw_iron":8,"minecraft:stick":7,"minecraft:pumpkin":2,"minecraft:torch":58,"minecraft:spruce_fence":2,"minecraft:snow_block":1,"minecraft:spruce_sapling":2,"minecraft:pointed_dripstone":4,"minecraft:diorite":45,"minecraft:spruce_log":35,"minecraft:rabbit_foot":3,"minecraft:stone_sword":4,"minecraft:arrow":8,"minecraft:rotten_flesh":16,"minecraft:stone_axe":4,"minecraft:crossbow":3,"minecraft:bread":8,"minecraft:baked_potato":2,"minecraft:brown_banner":1,"minecraft:melon_seeds":6,"minecraft:dark_oak_fence":1,"minecraft:coal":297,"minecraft:snowball":23,"minecraft:cobblestone":1043},"minecraft:killed":{"minecraft:iron_golem":1,"minecraft:skeleton":2,"minecraft:zombie":1},"minecraft:crafted":{"minecraft:oak_planks":20,"minecraft:crafting_table":1,"minecraft:spruce_planks":16,"minecraft:stone_axe":1,"minecraft:shield":1,"minecraft:stick":16,"minecraft:iron_pickaxe":1,"minecraft:stone_pickaxe":1,"minecraft:stone_sword":1,"minecraft:torch":36},"minecraft:used":{"minecraft:stone_sword":19,"minecraft:stone_pickaxe":19,"minecraft:baked_potato":2,"minecraft:shield":3,"minecraft:rotten_flesh":4,"minecraft:torch":13,"minecraft:crafting_table":1,"minecraft:brown_banner":1,"minecraft:snowball":23,"minecraft:spruce_log":2,"minecraft:bread":8,"minecraft:iron_pickaxe":97,"minecraft:stone_axe":30,"minecraft:cobblestone":52,"minecraft:pointed_dripstone":1},"minecraft:custom":{"minecraft:mob_kills":4,"minecraft:interact_with_crafting_table":4,"minecraft:leave_game":2,"minecraft:time_since_death":2044,"minecraft:sleep_in_bed":1,"minecraft:time_since_rest":2077,"minecraft:sprint_one_cm":148211,"minecraft:damage_taken":2167,"minecraft:walk_one_cm":161569,"minecraft:damage_blocked_by_shield":195,"minecraft:drop":8,"minecraft:damage_dealt":1267,"minecraft:swim_one_cm":5815,"minecraft:talked_to_villager":4,"minecraft:fly_one_cm":150951,"minecraft:open_chest":5,"minecraft:crouch_one_cm":14199,"minecraft:play_time":60973,"minecraft:deaths":4,"minecraft:sneak_time":3667,"minecraft:walk_under_water_one_cm":3646,"minecraft:boat_one_cm":448270,"minecraft:jump":1232,"minecraft:walk_on_water_one_cm":5487,"minecraft:total_world_time":60973,"minecraft:fall_one_cm":28038}},"DataVersion":3953}