{"stats":{"minecraft:mined":{"minecraft:short_grass":2,"minecraft:grass_block":22,"minecraft:dirt":14,"minecraft:spruce_leaves":79,"minecraft:spruce_log":11,"minecraft:stone":5},"minecraft:custom":{"minecraft:open_chest":2,"minecraft:time_since_rest":5877,"minecraft:crouch_one_cm":258,"minecraft:play_time":5877,"minecraft:sprint_one_cm":16794,"minecraft:damage_taken":175,"minecraft:walk_one_cm":11729,"minecraft:sneak_time":105,"minecraft:jump":146,"minecraft:leave_game":1,"minecraft:time_since_death":5877,"minecraft:total_world_time":5877,"minecraft:interact_with_crafting_table":2,"minecraft:fall_one_cm":5152,"minecraft:fly_one_cm":39385},"minecraft:picked_up":{"minecraft:stick":1,"minecraft:rotten_flesh":2,"minecraft:spruce_sapling":2,"minecraft:spruce_log":11,"minecraft:baked_potato":2,"minecraft:dirt":10,"minecraft:cobblestone":64},"minecraft:used":{"minecraft:rotten_flesh":2},"minecraft:crafted":{"minecraft:stone_axe":1,"minecraft:crafting_table":1,"minecraft:spruce_planks":16,"minecraft:stick":8,"minecraft:stone_pickaxe":1,"minecraft:stone_sword":1}},"DataVersion":3953}