{"stats":{"minecraft:mined":{"minecraft:ice":1,"minecraft:spruce_log":11,"minecraft:short_grass":2,"minecraft:grass_block":24,"minecraft:dirt_path":1,"minecraft:dirt":14,"minecraft:cobblestone":1,"minecraft:spruce_leaves":79,"minecraft:stone":289,"minecraft:gold_ore":3,"minecraft:diorite":24,"minecraft:wall_torch":2},"minecraft:killed_by":{"minecraft:iron_golem":2},"minecraft:dropped":{"minecraft:stone_axe":1},"minecraft:picked_up":{"minecraft:wooden_axe":3,"minecraft:stick":7,"minecraft:crafting_table":2,"minecraft:pumpkin":2,"minecraft:torch":10,"minecraft:spruce_fence":2,"minecraft:snow_block":1,"minecraft:spruce_sapling":2,"minecraft:diorite":45,"minecraft:spruce_log":25,"minecraft:dirt":54,"minecraft:stone_sword":2,"minecraft:rotten_flesh":6,"minecraft:stone_axe":3,"minecraft:spruce_planks":37,"minecraft:stone_pickaxe":2,"minecraft:iron_ingot":10,"minecraft:poppy":1,"minecraft:baked_potato":2,"minecraft:coal":70,"minecraft:snowball":23,"minecraft:cobblestone":717},"minecraft:killed":{"minecraft:iron_golem":1},"minecraft:crafted":{"minecraft:crafting_table":1,"minecraft:spruce_planks":16,"minecraft:stick":8,"minecraft:stone_pickaxe":1,"minecraft:stone_sword":1,"minecraft:torch":4,"minecraft:stone_axe":1},"minecraft:used":{"minecraft:stone_sword":7,"minecraft:stone_pickaxe":6,"minecraft:baked_potato":2,"minecraft:rotten_flesh":4,"minecraft:stone_axe":6,"minecraft:cobblestone":12,"minecraft:snowball":23},"minecraft:custom":{"minecraft:time_since_rest":3343,"minecraft:sprint_one_cm":60481,"minecraft:damage_taken":1292,"minecraft:walk_one_cm":49532,"minecraft:mob_kills":1,"minecraft:drop":1,"minecraft:damage_dealt":579,"minecraft:talked_to_villager":1,"minecraft:interact_with_crafting_table":2,"minecraft:fly_one_cm":88872,"minecraft:open_chest":2,"minecraft:crouch_one_cm":688,"minecraft:play_time":18973,"minecraft:deaths":2,"minecraft:sneak_time":200,"minecraft:boat_one_cm":50312,"minecraft:jump":413,"minecraft:walk_on_water_one_cm":161,"minecraft:leave_game":2,"minecraft:time_since_death":3294,"minecraft:total_world_time":18973,"minecraft:fall_one_cm":9420}},"DataVersion":3953}