{"stats":{"minecraft:mined":{"minecraft:red_bed":4,"minecraft:smoker":1,"minecraft:melon_stem":3,"minecraft:cobblestone_stairs":1,"minecraft:cherry_log":7,"minecraft:powder_snow":1,"minecraft:crafting_table":2,"minecraft:dark_oak_fence":1,"minecraft:short_grass":10,"minecraft:grass_block":25,"minecraft:chest":1,"minecraft:campfire":1,"minecraft:cobblestone":6,"minecraft:spruce_leaves":82,"minecraft:sculk":21,"minecraft:diorite":24,"minecraft:wall_torch":4,"minecraft:pink_petals":26,"minecraft:furnace":1,"minecraft:carrots":14,"minecraft:iron_ore":4,"minecraft:wheat":36,"minecraft:ice":1,"minecraft:birch_leaves":1,"minecraft:spruce_log":32,"minecraft:brown_wall_banner":1,"minecraft:beetroots":4,"minecraft:coal_ore":78,"minecraft:oak_log":20,"minecraft:dirt_path":1,"minecraft:cherry_leaves":110,"minecraft:dirt":14,"minecraft:stone":320,"minecraft:gold_ore":3,"minecraft:oak_leaves":4},"minecraft:killed_by":{"minecraft:skeleton":2,"minecraft:iron_golem":2},"minecraft:dropped":{"minecraft:stone_axe":3,"minecraft:stone_sword":1,"minecraft:stone_shovel":1,"minecraft:feather":2,"minecraft:spruce_fence":1,"minecraft:stick":1,"minecraft:poppy":1,"minecraft:dirt":28,"minecraft:red_bed":1,"minecraft:melon_seeds":3,"minecraft:beetroot_seeds":4,"minecraft:diorite":15,"minecraft:dark_oak_fence":1,"minecraft:wooden_axe":1,"minecraft:arrow":4,"minecraft:stone_pickaxe":1,"minecraft:brick":7,"minecraft:spruce_sapling":1},"minecraft:picked_up":{"minecraft:wooden_axe":3,"minecraft:pink_petals":64,"minecraft:charcoal":8,"minecraft:crafting_table":7,"minecraft:feather":2,"minecraft:chicken":2,"minecraft:smoker":1,"minecraft:potion":4,"minecraft:oak_log":63,"minecraft:shield":2,"minecraft:brick":21,"minecraft:dirt":144,"minecraft:red_bed":8,"minecraft:bone":9,"minecraft:wheat_seeds":129,"minecraft:spruce_planks":70,"minecraft:beef":8,"minecraft:iron_ingot":16,"minecraft:stone_pickaxe":2,"minecraft:poppy":1,"minecraft:iron_pickaxe":2,"minecraft:chest":4,"minecraft:oak_planks":42,"minecraft:furnace":2,"minecraft:raw_iron":12,"minecraft:stick":7,"minecraft:cooked_porkchop":3,"minecraft:pumpkin":2,"minecraft:torch":83,"minecraft:cherry_log":9,"minecraft:porkchop":4,"minecraft:spruce_fence":2,"minecraft:snow_block":1,"minecraft:carrot":33,"minecraft:spruce_sapling":5,"minecraft:pointed_dripstone":7,"minecraft:diorite":45,"minecraft:spruce_log":80,"minecraft:rabbit_foot":3,"minecraft:stone_shovel":1,"minecraft:stone_sword":6,"minecraft:arrow":12,"minecraft:rotten_flesh":16,"minecraft:beetroot_seeds":4,"minecraft:stone_axe":7,"minecraft:crossbow":4,"minecraft:cherry_sapling":6,"minecraft:bread":8,"minecraft:baked_potato":2,"minecraft:brown_banner":1,"minecraft:melon_seeds":9,"minecraft:dark_oak_fence":1,"minecraft:coal":393,"minecraft:snowball":23,"minecraft:cobblestone":1248},"minecraft:killed":{"minecraft:pig":2,"minecraft:spider":1,"minecraft:iron_golem":1,"minecraft:skeleton":3,"minecraft:zombie":3,"minecraft:chicken":1,"minecraft:cow":3},"minecraft:crafted":{"minecraft:oak_planks":20,"minecraft:cooked_porkchop":4,"minecraft:crafting_table":1,"minecraft:spruce_planks":16,"minecraft:furnace":1,"minecraft:stone_axe":1,"minecraft:air":0,"minecraft:shield":1,"minecraft:stick":16,"minecraft:iron_pickaxe":1,"minecraft:stone_pickaxe":1,"minecraft:stone_sword":1,"minecraft:torch":36},"minecraft:used":{"minecraft:stone_sword":48,"minecraft:stone_pickaxe":19,"minecraft:baked_potato":2,"minecraft:shield":3,"minecraft:rotten_flesh":9,"minecraft:torch":16,"minecraft:crafting_table":2,"minecraft:red_bed":2,"minecraft:brown_banner":1,"minecraft:snowball":23,"minecraft:spruce_log":2,"minecraft:bread":12,"minecraft:iron_pickaxe":110,"minecraft:stone_axe":202,"minecraft:cobblestone":106,"minecraft:furnace":1,"minecraft:cooked_porkchop":2,"minecraft:pointed_dripstone":4},"minecraft:custom":{"minecraft:interact_with_furnace":4,"minecraft:mob_kills":14,"minecraft:interact_with_crafting_table":5,"minecraft:bell_ring":41,"minecraft:leave_game":2,"minecraft:time_since_death":22684,"minecraft:sleep_in_bed":1,"minecraft:climb_one_cm":1904,"minecraft:time_since_rest":22725,"minecraft:sprint_one_cm":235716,"minecraft:damage_taken":3787,"minecraft:walk_one_cm":237636,"minecraft:damage_blocked_by_shield":195,"minecraft:drop":20,"minecraft:damage_dealt":2445,"minecraft:swim_one_cm":5815,"minecraft:talked_to_villager":4,"minecraft:fly_one_cm":257753,"minecraft:open_chest":15,"minecraft:crouch_one_cm":21209,"minecraft:play_time":96973,"minecraft:deaths":6,"minecraft:sneak_time":5538,"minecraft:walk_under_water_one_cm":4648,"minecraft:boat_one_cm":448270,"minecraft:jump":1998,"minecraft:walk_on_water_one_cm":7797,"minecraft:total_world_time":96973,"minecraft:fall_one_cm":60551}},"DataVersion":3953}