{"stats":{"minecraft:mined":{"croptopia:pepper_crop":1,"croptopia:orange_crop":4,"minecraft:crafting_table":4,"minecraft:short_grass":9,"minecraft:blast_furnace":1,"minecraft:grass_block":5,"minecraft:decorated_pot":3,"minecraft:spruce_leaves":2,"minecraft:hay_block":14,"minecraft:furnace":1,"minecraft:spruce_log":5,"chococraft:gysahl_green":7,"minecraft:oak_log":26,"minecraft:dirt":9,"minecraft:stone":16,"minecraft:oak_leaves":6,"minecraft:fern":1},"minecraft:dropped":{"minecraft:oak_boat":1},"minecraft:picked_up":{"minecraft:crafting_table":4,"minecraft:feather":9,"minecraft:chicken":5,"minecraft:leather":2,"minecraft:oak_log":26,"minecraft:dirt":13,"minecraft:string":2,"chococraft:chocobo_feather":2,"chococraft:gysahl_green":32,"minecraft:wheat_seeds":1,"minecraft:beef":5,"minecraft:oak_boat":3,"croptopia:pepper_seed":1,"minecraft:iron_pickaxe":1,"minecraft:oak_planks":3,"minecraft:furnace":1,"chococraft:gysahl_green_seeds":5,"minecraft:blast_furnace":1,"minecraft:spruce_log":5,"minecraft:decorated_pot":3,"waystones:waystone":1,"minecraft:hay_block":14,"croptopia:orange":3,"croptopia:pepper":1,"chococraft:chocobo_drumstick_raw":1,"minecraft:oak_sapling":2,"minecraft:cod":2,"minecraft:cobblestone":16},"minecraft:used":{"minecraft:stone_pickaxe":13,"minecraft:wooden_pickaxe":6,"minecraft:cooked_salmon":2,"minecraft:dirt":4,"minecraft:crafting_table":6,"minecraft:cod":2,"croptopia:orange":3,"minecraft:chicken":3,"minecraft:iron_pickaxe":2,"minecraft:stone_axe":89,"minecraft:furnace":1,"chococraft:gysahl_green":26,"minecraft:oak_boat":1,"minecraft:cooked_beef":2},"minecraft:crafted":{"minecraft:cooked_beef":3,"minecraft:oak_planks":24,"minecraft:crafting_table":3,"minecraft:wooden_pickaxe":1,"minecraft:furnace":1,"minecraft:stone_axe":1,"minecraft:air":0,"minecraft:stick":8,"minecraft:iron_pickaxe":1,"minecraft:stone_pickaxe":1,"chococraft:chocobo_saddle":1},"minecraft:killed":{"minecraft:spider":1,"minecraft:pillager":1,"minecraft:chicken":5,"livingthings:shark":1,"chococraft:chocobo":1,"minecraft:cow":3},"minecraft:killed_by":{"minecraft:husk":1},"minecraft:custom":{"minecraft:interact_with_furnace":4,"minecraft:mob_kills":12,"minecraft:interact_with_crafting_table":11,"minecraft:interact_with_cartography_table":1,"minecraft:tune_noteblock":1,"minecraft:leave_game":1,"minecraft:time_since_death":20818,"minecraft:time_since_rest":20845,"minecraft:sprint_one_cm":138485,"minecraft:damage_taken":940,"minecraft:walk_one_cm":45998,"minecraft:drop":1,"minecraft:damage_dealt":2077,"minecraft:swim_one_cm":3675,"minecraft:fly_one_cm":122669,"minecraft:open_chest":5,"minecraft:crouch_one_cm":698,"minecraft:play_time":40734,"minecraft:deaths":1,"minecraft:sneak_time":474,"minecraft:walk_under_water_one_cm":736,"minecraft:boat_one_cm":130633,"minecraft:jump":580,"minecraft:walk_on_water_one_cm":2410,"minecraft:total_world_time":40734,"minecraft:fall_one_cm":16583}},"DataVersion":3953}