{"stats":{"minecraft:mined":{"croptopia:pepper_crop":1,"croptopia:orange_crop":4,"minecraft:crafting_table":4,"minecraft:short_grass":11,"minecraft:blast_furnace":1,"minecraft:grass_block":5,"minecraft:decorated_pot":3,"minecraft:cobblestone":1,"minecraft:spruce_leaves":2,"minecraft:oak_planks":1,"minecraft:hay_block":14,"minecraft:furnace":1,"minecraft:wheat":153,"minecraft:spruce_log":5,"chococraft:gysahl_green":7,"minecraft:oak_log":26,"minecraft:dirt":9,"minecraft:stone":24,"minecraft:oak_leaves":6,"minecraft:fern":1},"minecraft:dropped":{"minecraft:furnace":1,"minecraft:wheat_seeds":1,"minecraft:oak_sign":2,"minecraft:oak_sapling":2,"minecraft:oak_boat":1},"minecraft:picked_up":{"minecraft:crafting_table":4,"minecraft:wheat":64,"minecraft:feather":9,"minecraft:chicken":5,"minecraft:leather":2,"minecraft:oak_log":26,"minecraft:string":2,"minecraft:dirt":13,"chococraft:chocobo_feather":2,"chococraft:gysahl_green":32,"minecraft:oak_sign":2,"minecraft:wheat_seeds":62,"minecraft:beef":5,"minecraft:oak_boat":3,"croptopia:pepper_seed":1,"minecraft:iron_pickaxe":1,"minecraft:oak_planks":4,"minecraft:furnace":1,"chococraft:gysahl_green_seeds":5,"minecraft:blast_furnace":1,"minecraft:spruce_log":5,"minecraft:decorated_pot":3,"waystones:waystone":2,"croptopia:orange":3,"minecraft:hay_block":14,"croptopia:pepper":1,"chococraft:chocobo_drumstick_raw":1,"minecraft:oak_sapling":4,"minecraft:cod":2,"minecraft:cobblestone":24},"minecraft:used":{"minecraft:stone_pickaxe":13,"minecraft:oak_sign":2,"minecraft:wooden_pickaxe":6,"minecraft:cooked_salmon":4,"minecraft:dirt":4,"minecraft:crafting_table":6,"minecraft:cod":2,"croptopia:orange":3,"minecraft:oak_log":8,"minecraft:chicken":3,"minecraft:bread":3,"minecraft:iron_pickaxe":13,"minecraft:stone_axe":91,"minecraft:furnace":1,"chococraft:gysahl_green":26,"minecraft:oak_boat":1,"minecraft:cooked_beef":2},"minecraft:crafted":{"minecraft:cooked_beef":3,"minecraft:oak_planks":24,"minecraft:crafting_table":3,"minecraft:wooden_pickaxe":1,"minecraft:furnace":1,"minecraft:stone_axe":1,"minecraft:air":0,"minecraft:stick":8,"minecraft:iron_pickaxe":1,"minecraft:stone_pickaxe":1,"chococraft:chocobo_saddle":1},"minecraft:killed":{"minecraft:spider":1,"minecraft:pillager":1,"minecraft:chicken":5,"livingthings:shark":1,"chococraft:chocobo":1,"minecraft:cow":3},"minecraft:killed_by":{"minecraft:husk":1,"minecraft:zombie_villager":2},"minecraft:custom":{"minecraft:interact_with_furnace":4,"minecraft:mob_kills":12,"minecraft:interact_with_cartography_table":1,"minecraft:interact_with_crafting_table":11,"minecraft:tune_noteblock":1,"minecraft:leave_game":4,"minecraft:time_since_death":1621,"minecraft:sleep_in_bed":1,"minecraft:climb_one_cm":2092,"minecraft:time_since_rest":1652,"minecraft:sprint_one_cm":213567,"minecraft:damage_taken":1865,"minecraft:walk_one_cm":56733,"minecraft:drop":6,"minecraft:damage_dealt":2097,"minecraft:swim_one_cm":8322,"minecraft:talked_to_villager":1,"minecraft:fly_one_cm":205482,"minecraft:open_chest":11,"minecraft:crouch_one_cm":698,"minecraft:play_time":68919,"minecraft:deaths":3,"minecraft:sneak_time":478,"minecraft:walk_under_water_one_cm":794,"minecraft:boat_one_cm":130633,"minecraft:jump":873,"minecraft:walk_on_water_one_cm":2729,"minecraft:total_world_time":68919,"minecraft:fall_one_cm":24133}},"DataVersion":3953}