{"stats":{"minecraft:mined":{"minecraft:short_grass":24,"minecraft:grass_block":17,"minecraft:spruce_planks":9,"minecraft:dirt":5,"minecraft:snow_block":9,"minecraft:ice":93,"minecraft:spruce_leaves":5,"minecraft:spruce_log":6},"minecraft:killed_by":{"minecraft:creeper":1,"minecraft:spider":1,"minecraft:zombie":2},"minecraft:custom":{"minecraft:time_since_rest":10786,"minecraft:damage_taken":1405,"minecraft:crouch_one_cm":48,"minecraft:play_time":36350,"minecraft:sprint_one_cm":72832,"minecraft:walk_one_cm":50958,"minecraft:deaths":6,"minecraft:sneak_time":23,"minecraft:walk_under_water_one_cm":5154,"minecraft:drop":15,"minecraft:aviate_one_cm":440692,"minecraft:jump":518,"minecraft:damage_dealt":50,"minecraft:leave_game":13,"minecraft:time_since_death":10545,"minecraft:walk_on_water_one_cm":2113,"minecraft:total_world_time":36350,"minecraft:fall_one_cm":12546,"minecraft:fly_one_cm":142380},"minecraft:picked_up":{"minecraft:stick":5,"minecraft:cooked_beef":2,"minecraft:wheat_seeds":1,"minecraft:potato":1,"minecraft:spruce_sapling":6,"minecraft:spruce_log":8,"minecraft:snowball":44,"minecraft:dirt":19,"minecraft:cobblestone":14},"minecraft:dropped":{"minecraft:spruce_log":2,"minecraft:wheat_seeds":1,"minecraft:snowball":12},"minecraft:used":{"minecraft:dirt":14,"minecraft:firework_rocket":39,"minecraft:crafter":1,"minecraft:elytra":1},"minecraft:crafted":{"minecraft:spruce_planks":24,"minecraft:spruce_button":24}},"DataVersion":3953}