{"stats":{"minecraft:mined":{"minecraft:spruce_planks":9,"minecraft:oak_sapling":2,"minecraft:farmland":2,"minecraft:mossy_cobblestone":9,"minecraft:cherry_log":24,"minecraft:cherry_sapling":1,"minecraft:grass_block":697,"minecraft:decorated_pot":1,"minecraft:spruce_leaves":44,"minecraft:oxeye_daisy":1,"minecraft:chiseled_stone_bricks":1,"minecraft:large_fern":1,"minecraft:hay_block":56,"minecraft:spruce_sapling":1,"minecraft:furnace":1,"minecraft:carrots":130,"minecraft:iron_ore":45,"minecraft:andesite":2,"minecraft:waxed_oxidized_copper_bulb":1,"minecraft:stripped_spruce_log":1,"minecraft:gold_block":5,"minecraft:bell":1,"minecraft:dirt_path":2,"minecraft:packed_ice":2,"minecraft:stone":24,"minecraft:tripwire":2,"minecraft:red_bed":3,"minecraft:snow_block":9,"minecraft:dandelion":1,"minecraft:crafting_table":6,"minecraft:short_grass":242,"minecraft:blast_furnace":1,"minecraft:emerald_ore":1,"minecraft:tall_grass":5,"minecraft:cobblestone":18,"minecraft:grindstone":2,"minecraft:sugar_cane":3,"minecraft:oak_planks":15,"minecraft:wall_torch":1,"minecraft:wheat":1,"minecraft:ice":94,"minecraft:spruce_log":167,"minecraft:stone_brick_stairs":1,"minecraft:oak_log":74,"minecraft:coal_ore":69,"minecraft:cherry_leaves":5,"minecraft:acacia_fence":1,"minecraft:loom":1,"minecraft:gravel":4,"minecraft:dripstone_block":2,"minecraft:dirt":241,"minecraft:cracked_stone_bricks":2,"minecraft:stone_bricks":1,"minecraft:mossy_stone_bricks":4,"minecraft:oak_leaves":30,"minecraft:emerald_block":8,"minecraft:fern":1},"minecraft:killed_by":{"minecraft:creeper":3,"minecraft:spider":1,"minecraft:skeleton":3,"minecraft:zombie":8},"minecraft:dropped":{"minecraft:bread":35,"minecraft:iron_sword":1,"minecraft:porkchop":4,"minecraft:wheat_seeds":1,"minecraft:oak_log":21,"minecraft:loom":1,"minecraft:diamond":1,"minecraft:iron_helmet":1,"minecraft:cobblestone":58,"minecraft:stick":1,"minecraft:dirt":32,"minecraft:torch":1,"minecraft:snowball":43,"minecraft:iron_leggings":1,"minecraft:sunflower":2,"minecraft:iron_axe":4,"minecraft:sand":4,"minecraft:iron_pickaxe":4,"minecraft:iron_shovel":1,"minecraft:string":1,"minecraft:spruce_sapling":6,"minecraft:bone":2,"minecraft:sugar_cane":6,"minecraft:birch_sapling":1,"minecraft:pointed_dripstone":2,"minecraft:cherry_sapling":1,"minecraft:rotten_flesh":16,"minecraft:iron_boots":1,"minecraft:carrot":148,"minecraft:shield":1,"minecraft:spruce_boat":2,"minecraft:spruce_planks":6,"minecraft:iron_chestplate":1,"minecraft:diamond_pickaxe":1,"minecraft:spider_eye":1,"minecraft:spruce_log":2,"minecraft:arrow":6,"minecraft:stone_pickaxe":2},"minecraft:picked_up":{"minecraft:iron_chestplate":4,"minecraft:crafting_table":16,"minecraft:wheat":6,"minecraft:gold_block":6,"minecraft:enchanted_book":1,"minecraft:stone_brick_stairs":1,"minecraft:shield":11,"minecraft:string":11,"minecraft:red_bed":7,"minecraft:iron_axe":10,"minecraft:iron_leggings":6,"minecraft:iron_shovel":2,"minecraft:spruce_planks":50,"minecraft:beef":48,"minecraft:oak_boat":11,"minecraft:iron_pickaxe":7,"minecraft:sugar_cane":48,"minecraft:birch_sapling":2,"minecraft:iron_boots":5,"minecraft:furnace":3,"minecraft:stick":89,"minecraft:raw_iron":70,"minecraft:oak_fence":69,"minecraft:torch":142,"minecraft:porkchop":25,"minecraft:cherry_log":198,"minecraft:pointed_dripstone":4,"minecraft:carrot":667,"minecraft:arrow":13,"minecraft:rotten_flesh":35,"minecraft:decorated_pot":2,"minecraft:hay_block":120,"minecraft:obsidian":3,"minecraft:mutton":18,"minecraft:cobblestone":226,"minecraft:snowball":108,"minecraft:white_wool":22,"minecraft:oxeye_daisy":1,"minecraft:cooked_beef":2,"minecraft:salmon":1,"minecraft:water_bucket":6,"minecraft:andesite":4,"minecraft:jungle_log":20,"minecraft:leather":29,"minecraft:potato":1,"minecraft:flint":5,"minecraft:oak_log":322,"minecraft:gunpowder":5,"minecraft:dirt":1762,"minecraft:cooked_mutton":4,"minecraft:bone":8,"minecraft:wheat_seeds":195,"minecraft:bell":1,"minecraft:stone_pickaxe":5,"minecraft:grindstone":2,"minecraft:iron_ingot":10,"minecraft:bamboo":1,"minecraft:iron_sword":2,"minecraft:oak_planks":439,"minecraft:emerald_block":14,"minecraft:cooked_porkchop":29,"minecraft:waxed_oxidized_copper_bulb":1,"minecraft:dandelion":2,"minecraft:dripstone_block":2,"minecraft:gravel":3,"minecraft:sand":4,"minecraft:stripped_spruce_log":1,"minecraft:spruce_sapling":16,"minecraft:blast_furnace":2,"minecraft:spruce_log":945,"minecraft:loom":2,"minecraft:spider_eye":1,"minecraft:iron_hoe":6,"minecraft:diamond_shovel":8,"minecraft:spruce_boat":10,"minecraft:stone_axe":1,"minecraft:iron_helmet":2,"minecraft:diamond_axe":6,"minecraft:cherry_sapling":28,"minecraft:golden_apple":2,"minecraft:emerald":4,"minecraft:bread":95,"minecraft:baked_potato":3,"minecraft:oak_sapling":35,"minecraft:coal":132,"minecraft:sunflower":7,"minecraft:diamond_pickaxe":7},"minecraft:killed":{"minecraft:armadillo":1,"minecraft:cave_spider":1,"minecraft:bogged":1,"minecraft:spider":1,"minecraft:skeleton":3,"minecraft:pig":12,"minecraft:creeper":3,"minecraft:sheep":7,"minecraft:pillager":2,"minecraft:zombie":9,"minecraft:player":1,"minecraft:cow":12},"minecraft:crafted":{"minecraft:oak_planks":40,"minecraft:spruce_button":24,"minecraft:furnace":1,"minecraft:bone_meal":15,"minecraft:diamond_shovel":1,"minecraft:cooked_mutton":8,"minecraft:iron_boots":1,"minecraft:iron_axe":1,"minecraft:iron_hoe":1,"minecraft:stone_pickaxe":1,"minecraft:chest":3,"minecraft:wheat":153,"minecraft:cooked_porkchop":17,"minecraft:diamond_axe":1,"minecraft:crafting_table":2,"minecraft:spruce_planks":56,"minecraft:gold_block":10,"minecraft:bucket":1,"minecraft:stone_axe":1,"minecraft:bread":51,"minecraft:air":0,"minecraft:jungle_planks":72,"minecraft:oak_boat":2,"minecraft:iron_chestplate":1,"minecraft:diamond_pickaxe":2,"minecraft:shield":1,"minecraft:stick":16,"minecraft:iron_ingot":45,"minecraft:iron_pickaxe":2,"minecraft:iron_leggings":1},"minecraft:used":{"minecraft:cherry_sapling":23,"minecraft:elytra":1,"minecraft:chest":3,"minecraft:shield":9,"minecraft:bell":1,"minecraft:torch":3,"minecraft:dirt":507,"minecraft:crafter":1,"minecraft:carrot":198,"minecraft:snowball":1,"minecraft:spruce_boat":6,"minecraft:iron_hoe":137,"minecraft:iron_axe":76,"minecraft:jungle_log":2,"minecraft:oak_sapling":21,"minecraft:furnace":1,"minecraft:potato":1,"minecraft:cooked_mutton":8,"minecraft:water_bucket":9,"minecraft:baked_potato":3,"minecraft:stone_pickaxe":76,"minecraft:oak_planks":15,"minecraft:diamond_axe":308,"minecraft:white_wool":1,"minecraft:crafting_table":6,"minecraft:red_bed":3,"minecraft:blast_furnace":1,"minecraft:dripstone_block":2,"minecraft:spruce_log":54,"minecraft:oxeye_daisy":1,"minecraft:diamond_pickaxe":15,"minecraft:firework_rocket":39,"minecraft:diamond_shovel":945,"minecraft:iron_pickaxe":116,"minecraft:bread":28,"minecraft:spruce_sapling":10,"minecraft:stone_axe":61,"minecraft:cobblestone":20,"minecraft:grindstone":2,"minecraft:cooked_porkchop":17,"minecraft:bucket":10,"minecraft:oak_boat":2,"minecraft:bone_meal":15},"minecraft:custom":{"minecraft:mob_kills":53,"minecraft:interact_with_crafting_table":22,"minecraft:leave_game":19,"minecraft:time_since_death":8253,"minecraft:climb_one_cm":5429,"minecraft:sprint_one_cm":826655,"minecraft:walk_one_cm":508276,"minecraft:damage_blocked_by_shield":518,"minecraft:drop":77,"minecraft:play_noteblock":1,"minecraft:talked_to_villager":12,"minecraft:play_time":263988,"minecraft:deaths":17,"minecraft:sneak_time":1983,"minecraft:walk_under_water_one_cm":16868,"minecraft:boat_one_cm":961118,"minecraft:jump":4246,"minecraft:interact_with_blast_furnace":6,"minecraft:walk_on_water_one_cm":10087,"minecraft:total_world_time":263988,"minecraft:interact_with_furnace":9,"minecraft:sleep_in_bed":9,"minecraft:time_since_rest":389,"minecraft:damage_taken":7150,"minecraft:trigger_trapped_chest":13,"minecraft:damage_dealt":7600,"minecraft:player_kills":1,"minecraft:swim_one_cm":26458,"minecraft:fly_one_cm":860453,"minecraft:open_chest":61,"minecraft:crouch_one_cm":4830,"minecraft:aviate_one_cm":440692,"minecraft:interact_with_smoker":18,"minecraft:fall_one_cm":131228,"minecraft:inspect_dispenser":1}},"DataVersion":3953}