{"stats":{"minecraft:picked_up":{"minecraft:wheat_seeds":1,"minecraft:spruce_log":6,"minecraft:dirt":13},"minecraft:used":{"minecraft:dirt":13,"minecraft:firework_rocket":39,"minecraft:crafter":1,"minecraft:elytra":1},"minecraft:dropped":{"minecraft:wheat_seeds":1},"minecraft:killed_by":{"minecraft:creeper":1,"minecraft:spider":1,"minecraft:zombie":1},"minecraft:crafted":{"minecraft:spruce_planks":24,"minecraft:spruce_button":24},"minecraft:mined":{"minecraft:short_grass":20,"minecraft:grass_block":13,"minecraft:dirt":1,"minecraft:ice":2,"minecraft:spruce_leaves":5,"minecraft:spruce_log":6},"minecraft:custom":{"minecraft:time_since_rest":10588,"minecraft:crouch_one_cm":48,"minecraft:play_time":18544,"minecraft:sprint_one_cm":37036,"minecraft:damage_taken":1115,"minecraft:walk_one_cm":37237,"minecraft:deaths":4,"minecraft:sneak_time":22,"minecraft:walk_under_water_one_cm":4241,"minecraft:drop":1,"minecraft:aviate_one_cm":440692,"minecraft:jump":339,"minecraft:damage_dealt":50,"minecraft:leave_game":6,"minecraft:time_since_death":10561,"minecraft:walk_on_water_one_cm":1534,"minecraft:total_world_time":18544,"minecraft:fall_one_cm":9378,"minecraft:fly_one_cm":91343}},"DataVersion":3953}