{"stats":{"minecraft:mined":{"minecraft:spruce_planks":9,"minecraft:farmland":2,"minecraft:mossy_cobblestone":9,"minecraft:grass_block":26,"minecraft:decorated_pot":1,"minecraft:spruce_leaves":8,"minecraft:chiseled_stone_bricks":1,"minecraft:large_fern":1,"minecraft:hay_block":56,"minecraft:furnace":1,"minecraft:carrots":19,"minecraft:iron_ore":45,"minecraft:andesite":2,"minecraft:waxed_oxidized_copper_bulb":1,"minecraft:stripped_spruce_log":1,"minecraft:gold_block":5,"minecraft:bell":1,"minecraft:packed_ice":2,"minecraft:stone":24,"minecraft:tripwire":2,"minecraft:red_bed":2,"minecraft:snow_block":9,"minecraft:crafting_table":6,"minecraft:short_grass":43,"minecraft:blast_furnace":1,"minecraft:emerald_ore":1,"minecraft:tall_grass":1,"minecraft:cobblestone":7,"minecraft:grindstone":2,"minecraft:sugar_cane":3,"minecraft:wheat":1,"minecraft:ice":94,"minecraft:spruce_log":20,"minecraft:stone_brick_stairs":1,"minecraft:oak_log":10,"minecraft:coal_ore":69,"minecraft:acacia_fence":1,"minecraft:loom":1,"minecraft:gravel":4,"minecraft:dripstone_block":2,"minecraft:dirt":6,"minecraft:cracked_stone_bricks":2,"minecraft:stone_bricks":1,"minecraft:mossy_stone_bricks":4,"minecraft:oak_leaves":1,"minecraft:emerald_block":8,"minecraft:fern":1},"minecraft:killed_by":{"minecraft:creeper":2,"minecraft:spider":1,"minecraft:zombie":3},"minecraft:picked_up":{"minecraft:crafting_table":8,"minecraft:gold_block":6,"minecraft:stone_brick_stairs":1,"minecraft:shield":2,"minecraft:string":1,"minecraft:red_bed":4,"minecraft:iron_axe":2,"minecraft:spruce_planks":50,"minecraft:beef":48,"minecraft:oak_boat":2,"minecraft:iron_pickaxe":3,"minecraft:sugar_cane":6,"minecraft:birch_sapling":2,"minecraft:furnace":3,"minecraft:stick":13,"minecraft:raw_iron":70,"minecraft:torch":16,"minecraft:porkchop":25,"minecraft:pointed_dripstone":4,"minecraft:carrot":127,"minecraft:rotten_flesh":6,"minecraft:decorated_pot":2,"minecraft:hay_block":120,"minecraft:mutton":18,"minecraft:obsidian":3,"minecraft:cobblestone":151,"minecraft:snowball":108,"minecraft:white_wool":22,"minecraft:cooked_beef":2,"minecraft:andesite":4,"minecraft:jungle_log":20,"minecraft:leather":29,"minecraft:potato":1,"minecraft:flint":5,"minecraft:oak_log":30,"minecraft:dirt":52,"minecraft:cooked_mutton":4,"minecraft:wheat_seeds":68,"minecraft:bell":1,"minecraft:grindstone":2,"minecraft:stone_pickaxe":1,"minecraft:iron_ingot":10,"minecraft:bamboo":1,"minecraft:emerald_block":14,"minecraft:cooked_porkchop":29,"minecraft:waxed_oxidized_copper_bulb":1,"minecraft:dripstone_block":2,"minecraft:gravel":3,"minecraft:sand":4,"minecraft:stripped_spruce_log":1,"minecraft:spruce_sapling":6,"minecraft:blast_furnace":2,"minecraft:loom":2,"minecraft:spruce_log":22,"minecraft:spider_eye":1,"minecraft:stone_axe":1,"minecraft:spruce_boat":10,"minecraft:cherry_sapling":2,"minecraft:golden_apple":1,"minecraft:emerald":4,"minecraft:bread":27,"minecraft:baked_potato":3,"minecraft:coal":132},"minecraft:dropped":{"minecraft:bread":35,"minecraft:porkchop":4,"minecraft:wheat_seeds":1,"minecraft:loom":1,"minecraft:diamond":1,"minecraft:cobblestone":58,"minecraft:stick":1,"minecraft:dirt":27,"minecraft:snowball":43,"minecraft:sand":4,"minecraft:iron_pickaxe":1,"minecraft:string":1,"minecraft:spruce_sapling":6,"minecraft:birch_sapling":1,"minecraft:pointed_dripstone":2,"minecraft:rotten_flesh":4,"minecraft:spruce_boat":2,"minecraft:spruce_planks":6,"minecraft:diamond_pickaxe":1,"minecraft:spider_eye":1,"minecraft:spruce_log":2},"minecraft:killed":{"minecraft:armadillo":1,"minecraft:cave_spider":1,"minecraft:bogged":1,"minecraft:spider":1,"minecraft:pig":12,"minecraft:creeper":1,"minecraft:sheep":7,"minecraft:zombie":2,"minecraft:player":1,"minecraft:cow":12},"minecraft:crafted":{"minecraft:oak_planks":40,"minecraft:spruce_button":24,"minecraft:furnace":1,"minecraft:diamond_shovel":1,"minecraft:cooked_mutton":8,"minecraft:iron_axe":1,"minecraft:iron_hoe":1,"minecraft:stone_pickaxe":1,"minecraft:chest":3,"minecraft:wheat":153,"minecraft:cooked_porkchop":17,"minecraft:diamond_axe":1,"minecraft:crafting_table":2,"minecraft:spruce_planks":56,"minecraft:gold_block":10,"minecraft:bucket":1,"minecraft:stone_axe":1,"minecraft:bread":51,"minecraft:air":0,"minecraft:jungle_planks":72,"minecraft:oak_boat":2,"minecraft:diamond_pickaxe":2,"minecraft:shield":1,"minecraft:stick":16,"minecraft:iron_pickaxe":2,"minecraft:iron_ingot":45},"minecraft:used":{"minecraft:cherry_sapling":2,"minecraft:elytra":1,"minecraft:chest":3,"minecraft:shield":9,"minecraft:bell":1,"minecraft:torch":1,"minecraft:dirt":15,"minecraft:crafter":1,"minecraft:carrot":95,"minecraft:snowball":1,"minecraft:spruce_boat":6,"minecraft:iron_hoe":134,"minecraft:iron_axe":71,"minecraft:jungle_log":2,"minecraft:furnace":1,"minecraft:potato":1,"minecraft:cooked_mutton":5,"minecraft:water_bucket":9,"minecraft:stone_pickaxe":74,"minecraft:baked_potato":3,"minecraft:diamond_axe":9,"minecraft:white_wool":1,"minecraft:crafting_table":6,"minecraft:red_bed":2,"minecraft:blast_furnace":1,"minecraft:dripstone_block":2,"minecraft:diamond_pickaxe":4,"minecraft:firework_rocket":39,"minecraft:diamond_shovel":7,"minecraft:bread":16,"minecraft:iron_pickaxe":116,"minecraft:stone_axe":61,"minecraft:cobblestone":20,"minecraft:grindstone":2,"minecraft:cooked_porkchop":16,"minecraft:bucket":10,"minecraft:oak_boat":2},"minecraft:custom":{"minecraft:mob_kills":39,"minecraft:interact_with_crafting_table":21,"minecraft:leave_game":18,"minecraft:time_since_death":41847,"minecraft:climb_one_cm":5429,"minecraft:sprint_one_cm":442691,"minecraft:walk_one_cm":241123,"minecraft:damage_blocked_by_shield":518,"minecraft:drop":43,"minecraft:play_noteblock":1,"minecraft:talked_to_villager":12,"minecraft:play_time":177474,"minecraft:deaths":8,"minecraft:sneak_time":791,"minecraft:walk_under_water_one_cm":16868,"minecraft:boat_one_cm":961118,"minecraft:jump":2665,"minecraft:interact_with_blast_furnace":5,"minecraft:walk_on_water_one_cm":10087,"minecraft:total_world_time":177474,"minecraft:interact_with_furnace":9,"minecraft:sleep_in_bed":4,"minecraft:time_since_rest":13180,"minecraft:damage_taken":4032,"minecraft:trigger_trapped_chest":13,"minecraft:damage_dealt":4834,"minecraft:swim_one_cm":26458,"minecraft:fly_one_cm":516204,"minecraft:player_kills":1,"minecraft:open_chest":44,"minecraft:crouch_one_cm":1289,"minecraft:aviate_one_cm":440692,"minecraft:interact_with_smoker":18,"minecraft:fall_one_cm":90793,"minecraft:inspect_dispenser":1}},"DataVersion":3953}