{"stats":{"minecraft:mined":{"minecraft:dark_oak_planks":26,"minecraft:dark_prismarine":14,"croptopia:pepper_crop":1,"minecraft:spruce_planks":2,"croptopia:orange_crop":4,"minecraft:mossy_cobblestone":3,"minecraft:orange_stained_glass":1,"minecraft:jungle_leaves":1,"minecraft:brewing_stand":1,"minecraft:grass_block":7,"minecraft:decorated_pot":3,"minecraft:spruce_leaves":2,"minecraft:spawner":13,"minecraft:chiseled_stone_bricks":2,"minecraft:hay_block":23,"minecraft:furnace":2,"minecraft:acacia_wood":3,"minecraft:nether_brick_stairs":2,"minecraft:gold_block":15,"chococraft:gysahl_green":7,"minecraft:bone_block":33,"minecraft:stone":68,"minecraft:player_head":6,"minecraft:ender_chest":1,"minecraft:smithing_table":1,"minecraft:red_bed":7,"minecraft:smoker":2,"minecraft:crafting_table":7,"minecraft:short_grass":25,"minecraft:blast_furnace":1,"minecraft:chest":1,"minecraft:dead_bush":1,"minecraft:tall_grass":1,"minecraft:cobblestone":5,"minecraft:oak_planks":13,"minecraft:mud":2,"minecraft:wheat":153,"minecraft:spruce_log":5,"minecraft:stone_brick_stairs":1,"minecraft:oak_log":127,"minecraft:sunflower":3,"minecraft:gravel":1,"minecraft:sand":29,"minecraft:dirt":13,"minecraft:cracked_stone_bricks":1,"minecraft:acacia_planks":3,"minecraft:stripped_acacia_wood":6,"minecraft:stone_bricks":1,"minecraft:mossy_stone_bricks":2,"minecraft:oak_leaves":20,"minecraft:emerald_block":16,"minecraft:fern":4,"minecraft:dark_prismarine_stairs":2},"minecraft:dropped":{"minecraft:enchanted_book":1,"minecraft:bread":27,"minecraft:dark_oak_stairs":1,"minecraft:porkchop":1,"minecraft:wheat_seeds":66,"minecraft:mossy_cobblestone":2,"minecraft:decorated_pot":3,"minecraft:cobblestone":7,"chococraft:gysahl_green_seeds":5,"minecraft:cyan_terracotta":1,"minecraft:dirt":6,"minecraft:ink_sac":2,"minecraft:iron_leggings":1,"minecraft:gold_nugget":8,"minecraft:bone_block":30,"minecraft:iron_axe":1,"minecraft:mud":2,"minecraft:dark_oak_planks":2,"minecraft:acacia_planks":5,"minecraft:gold_ingot":4,"minecraft:bone":20,"minecraft:redstone":4,"minecraft:furnace":1,"minecraft:stone_axe":1,"minecraft:dark_prismarine_stairs":2,"minecraft:wheat":10,"minecraft:rotten_flesh":4,"minecraft:iron_boots":1,"minecraft:light_gray_carpet":2,"minecraft:oak_planks":66,"minecraft:stripped_acacia_wood":2,"minecraft:oak_sign":2,"minecraft:chiseled_stone_bricks":2,"minecraft:filled_map":1,"minecraft:poppy":2,"minecraft:spruce_planks":5,"minecraft:diamond_pickaxe":1,"minecraft:mossy_stone_bricks":1,"minecraft:oak_boat":1,"minecraft:oak_sapling":2,"livingthings:lion":2,"croptopia:pepper_seed":1,"minecraft:dark_prismarine":12,"minecraft:stone_brick_stairs":1,"minecraft:nether_brick_stairs":2},"minecraft:broken":{"minecraft:iron_axe":2,"minecraft:stone_axe":1},"minecraft:picked_up":{"livingthings:lion":2,"minecraft:mud":2,"minecraft:crafting_table":6,"minecraft:wheat":73,"minecraft:chicken":5,"minecraft:smithing_table":1,"minecraft:lead":1,"minecraft:enchanted_book":1,"minecraft:gold_block":15,"croptopia:calamari":1,"minecraft:stone_brick_stairs":1,"waystones:deepslate_waystone":2,"minecraft:brewing_stand":1,"minecraft:red_bed":7,"minecraft:string":31,"minecraft:iron_leggings":1,"livingthings:banana":1,"minecraft:oak_sign":2,"minecraft:netherite_sword":1,"minecraft:bucket":1,"minecraft:dark_prismarine_stairs":2,"minecraft:spruce_planks":6,"minecraft:beef":11,"minecraft:oak_boat":3,"minecraft:player_head":7,"croptopia:pepper_seed":2,"minecraft:poppy":2,"minecraft:iron_pickaxe":2,"minecraft:chest":1,"minecraft:diamond_hoe":1,"minecraft:furnace":3,"minecraft:torch":13,"minecraft:porkchop":29,"minecraft:redstone":4,"minecraft:dark_oak_planks":19,"minecraft:arrow":2,"minecraft:rotten_flesh":5,"minecraft:decorated_pot":3,"minecraft:hay_block":23,"minecraft:cyan_terracotta":1,"minecraft:gold_ingot":14,"croptopia:pepper":1,"chococraft:chocobo_drumstick_raw":1,"minecraft:obsidian":16,"minecraft:mutton":5,"minecraft:cod":2,"minecraft:bone_block":60,"minecraft:white_wool":3,"minecraft:cobblestone":69,"minecraft:netherite_boots":3,"minecraft:feather":9,"minecraft:cooked_beef":17,"minecraft:leather":18,"minecraft:smoker":2,"minecraft:acacia_wood":3,"minecraft:filled_map":1,"minecraft:oak_log":126,"minecraft:lapis_lazuli":6,"minecraft:dirt":19,"minecraft:name_tag":1,"minecraft:cooked_mutton":4,"chococraft:chocobo_feather":2,"minecraft:bone":20,"minecraft:acacia_planks":3,"chococraft:gysahl_green":32,"minecraft:stone_bricks":1,"minecraft:wheat_seeds":128,"minecraft:wild_armor_trim_smithing_template":1,"minecraft:mossy_stone_bricks":1,"minecraft:bamboo":2,"minecraft:oak_planks":29,"minecraft:dark_oak_stairs":1,"minecraft:emerald_block":32,"minecraft:chiseled_stone_bricks":2,"minecraft:stripped_acacia_wood":2,"minecraft:sand":30,"minecraft:nether_brick_stairs":2,"chococraft:gysahl_green_seeds":5,"minecraft:blast_furnace":1,"minecraft:ink_sac":2,"minecraft:spruce_log":5,"minecraft:mossy_cobblestone":2,"minecraft:dark_prismarine":12,"waystones:waystone":6,"croptopia:orange":3,"minecraft:golden_apple":2,"minecraft:breeze_rod":1,"minecraft:bread":27,"minecraft:oak_sapling":5,"minecraft:light_gray_carpet":2,"minecraft:coal":8,"minecraft:sunflower":3},"minecraft:used":{"minecraft:iron_shovel":42,"croptopia:calamari":1,"minecraft:oak_sign":2,"minecraft:spruce_planks":1,"minecraft:chest":6,"livingthings:banana":1,"minecraft:cooked_salmon":5,"minecraft:dirt":5,"minecraft:glass":3,"minecraft:dark_oak_planks":17,"minecraft:iron_axe":452,"minecraft:stone_bricks":1,"minecraft:golden_sword":18,"minecraft:furnace":2,"minecraft:cooked_beef":20,"minecraft:acacia_planks":4,"minecraft:cooked_mutton":9,"minecraft:water_bucket":45,"minecraft:stone_pickaxe":13,"minecraft:oak_planks":259,"minecraft:wooden_pickaxe":6,"minecraft:diamond_axe":7,"minecraft:sand":2,"minecraft:crafting_table":13,"minecraft:red_bed":7,"minecraft:crossbow":1,"minecraft:cod":2,"croptopia:orange":3,"minecraft:oak_log":15,"minecraft:diamond_pickaxe":93,"minecraft:apple":17,"minecraft:chicken":3,"minecraft:bread":69,"minecraft:iron_pickaxe":91,"minecraft:stone_axe":137,"minecraft:cobblestone":22,"travelersbackpack:standard":6,"minecraft:porkchop":1,"minecraft:smithing_table":1,"minecraft:bucket":49,"chococraft:gysahl_green":26,"minecraft:oak_boat":1},"minecraft:crafted":{"minecraft:oak_planks":476,"minecraft:yellow_wool":2,"travelersbackpack:yellow_sleeping_bag":1,"minecraft:furnace":2,"minecraft:cooked_mutton":5,"minecraft:glass":15,"minecraft:iron_axe":3,"minecraft:stone_pickaxe":1,"minecraft:chest":7,"minecraft:wheat":199,"minecraft:cooked_beef":3,"minecraft:diamond_axe":1,"minecraft:crafting_table":7,"minecraft:spruce_planks":20,"travelersbackpack:backpack_tank":2,"minecraft:wooden_pickaxe":1,"travelersbackpack:standard":2,"minecraft:smithing_table":1,"minecraft:gold_block":12,"minecraft:stone_axe":2,"minecraft:air":0,"minecraft:bread":87,"minecraft:emerald_block":3,"minecraft:diamond_pickaxe":2,"minecraft:yellow_dye":6,"minecraft:shield":1,"minecraft:stick":32,"minecraft:iron_pickaxe":1,"minecraft:iron_shovel":1,"minecraft:gold_ingot":3,"chococraft:chocobo_saddle":1,"minecraft:acacia_planks":12},"minecraft:killed":{"minecraft:spider":1,"minecraft:slime":1,"minecraft:phantom":2,"minecraft:skeleton":2,"livingthings:lion":1,"minecraft:chicken":5,"livingthings:shark":1,"minecraft:husk":3,"minecraft:pig":1,"livingthings:mantaray":1,"minecraft:hoglin":10,"minecraft:squid":1,"minecraft:sheep":3,"minecraft:pillager":1,"minecraft:zombie":7,"minecraft:breeze":1,"minecraft:wither_skeleton":13,"chococraft:chocobo":1,"minecraft:cow":6},"minecraft:killed_by":{"minecraft:husk":2,"minecraft:zombie_villager":2,"minecraft:wither_skeleton":8,"minecraft:hoglin":1,"minecraft:skeleton":2},"minecraft:custom":{"minecraft:interact_with_smithing_table":2,"minecraft:mob_kills":63,"minecraft:interact_with_crafting_table":41,"minecraft:open_barrel":7,"minecraft:bell_ring":1,"minecraft:leave_game":7,"minecraft:time_since_death":29312,"minecraft:climb_one_cm":6472,"minecraft:sprint_one_cm":802478,"minecraft:walk_one_cm":260638,"minecraft:drop":56,"minecraft:damage_dealt_absorbed":80,"minecraft:talked_to_villager":1,"minecraft:play_time":222733,"minecraft:deaths":19,"minecraft:sneak_time":11679,"minecraft:walk_under_water_one_cm":62697,"minecraft:boat_one_cm":130633,"minecraft:interact_with_brewingstand":1,"minecraft:jump":3722,"minecraft:walk_on_water_one_cm":21061,"minecraft:total_world_time":222733,"minecraft:interact_with_furnace":10,"minecraft:interact_with_cartography_table":1,"minecraft:tune_noteblock":1,"minecraft:sleep_in_bed":5,"minecraft:time_since_rest":12352,"minecraft:waystone_activated":1,"minecraft:damage_taken":15645,"minecraft:trigger_trapped_chest":24,"minecraft:damage_dealt":16309,"minecraft:swim_one_cm":80773,"minecraft:fly_one_cm":759870,"minecraft:open_chest":74,"minecraft:crouch_one_cm":22645,"minecraft:fall_one_cm":170840}},"DataVersion":3953}