{"stats":{"minecraft:mined":{"croptopia:pepper_crop":1,"croptopia:orange_crop":4,"minecraft:red_bed":1,"minecraft:jungle_leaves":1,"minecraft:crafting_table":5,"minecraft:short_grass":11,"minecraft:blast_furnace":1,"minecraft:grass_block":5,"minecraft:decorated_pot":3,"minecraft:cobblestone":1,"minecraft:spruce_leaves":2,"minecraft:oak_planks":1,"minecraft:hay_block":23,"minecraft:furnace":1,"minecraft:wheat":153,"minecraft:spruce_log":5,"chococraft:gysahl_green":7,"minecraft:oak_log":29,"minecraft:dirt":9,"minecraft:stone":24,"minecraft:oak_leaves":6,"minecraft:fern":3},"minecraft:dropped":{"minecraft:furnace":1,"minecraft:wheat_seeds":65,"minecraft:porkchop":1,"minecraft:decorated_pot":3,"chococraft:gysahl_green_seeds":5,"minecraft:oak_sign":2,"minecraft:filled_map":1,"minecraft:spruce_planks":4,"minecraft:oak_boat":1,"minecraft:oak_sapling":2,"livingthings:lion":2,"croptopia:pepper_seed":1},"minecraft:broken":{"minecraft:stone_axe":1},"minecraft:picked_up":{"livingthings:lion":2,"minecraft:crafting_table":5,"minecraft:wheat":64,"minecraft:feather":9,"minecraft:chicken":5,"minecraft:leather":4,"minecraft:filled_map":1,"minecraft:oak_log":29,"waystones:deepslate_waystone":1,"minecraft:red_bed":1,"minecraft:dirt":13,"minecraft:string":2,"livingthings:banana":1,"chococraft:chocobo_feather":2,"chococraft:gysahl_green":32,"minecraft:oak_sign":2,"minecraft:wheat_seeds":127,"minecraft:spruce_planks":4,"minecraft:beef":5,"minecraft:oak_boat":3,"croptopia:pepper_seed":2,"minecraft:iron_pickaxe":1,"minecraft:oak_planks":4,"minecraft:furnace":1,"minecraft:porkchop":1,"chococraft:gysahl_green_seeds":5,"minecraft:blast_furnace":1,"minecraft:spruce_log":5,"minecraft:arrow":1,"minecraft:decorated_pot":3,"waystones:waystone":3,"minecraft:hay_block":23,"croptopia:orange":3,"minecraft:breeze_rod":1,"croptopia:pepper":1,"chococraft:chocobo_drumstick_raw":1,"minecraft:oak_sapling":4,"minecraft:cod":2,"minecraft:cobblestone":24},"minecraft:used":{"minecraft:stone_pickaxe":13,"minecraft:oak_planks":4,"minecraft:oak_sign":2,"minecraft:chest":2,"minecraft:wooden_pickaxe":6,"livingthings:banana":1,"minecraft:cooked_salmon":5,"minecraft:dirt":5,"minecraft:crafting_table":9,"minecraft:red_bed":1,"minecraft:cod":2,"croptopia:orange":3,"minecraft:oak_log":15,"minecraft:apple":7,"minecraft:iron_axe":2,"minecraft:chicken":3,"minecraft:bread":15,"minecraft:iron_pickaxe":16,"minecraft:stone_axe":137,"minecraft:furnace":1,"chococraft:gysahl_green":26,"minecraft:oak_boat":1,"minecraft:cooked_beef":2},"minecraft:crafted":{"minecraft:cooked_beef":3,"minecraft:oak_planks":44,"minecraft:crafting_table":4,"minecraft:spruce_planks":20,"minecraft:wooden_pickaxe":1,"minecraft:furnace":1,"minecraft:stone_axe":2,"minecraft:bread":21,"minecraft:air":0,"minecraft:shield":1,"minecraft:iron_axe":1,"minecraft:stick":28,"minecraft:iron_pickaxe":1,"minecraft:stone_pickaxe":1,"minecraft:chest":2,"chococraft:chocobo_saddle":1},"minecraft:killed":{"minecraft:husk":1,"minecraft:pig":1,"minecraft:spider":1,"minecraft:pillager":1,"livingthings:lion":1,"minecraft:chicken":5,"minecraft:breeze":1,"livingthings:shark":1,"chococraft:chocobo":1,"minecraft:cow":3},"minecraft:killed_by":{"minecraft:husk":1,"minecraft:zombie_villager":2,"minecraft:skeleton":2},"minecraft:custom":{"minecraft:interact_with_furnace":4,"minecraft:mob_kills":16,"minecraft:interact_with_crafting_table":15,"minecraft:interact_with_cartography_table":1,"minecraft:tune_noteblock":1,"minecraft:open_barrel":7,"minecraft:bell_ring":1,"minecraft:leave_game":6,"minecraft:time_since_death":5213,"minecraft:sleep_in_bed":1,"minecraft:climb_one_cm":3819,"minecraft:time_since_rest":5241,"minecraft:waystone_activated":1,"minecraft:sprint_one_cm":312700,"minecraft:damage_taken":3074,"minecraft:walk_one_cm":79618,"minecraft:drop":14,"minecraft:damage_dealt":3854,"minecraft:swim_one_cm":22953,"minecraft:talked_to_villager":1,"minecraft:fly_one_cm":318546,"minecraft:open_chest":18,"minecraft:play_time":88894,"minecraft:crouch_one_cm":1870,"minecraft:deaths":5,"minecraft:sneak_time":1411,"minecraft:walk_under_water_one_cm":1619,"minecraft:boat_one_cm":130633,"minecraft:jump":1328,"minecraft:walk_on_water_one_cm":2772,"minecraft:total_world_time":88894,"minecraft:fall_one_cm":29333}},"DataVersion":3953}