{"stats":{"minecraft:picked_up":{"minecraft:cooked_beef":2,"minecraft:wheat_seeds":1,"minecraft:spruce_log":6,"minecraft:dirt":14},"minecraft:used":{"minecraft:dirt":14,"minecraft:firework_rocket":39,"minecraft:crafter":1,"minecraft:elytra":1},"minecraft:dropped":{"minecraft:wheat_seeds":1},"minecraft:killed_by":{"minecraft:creeper":1,"minecraft:spider":1,"minecraft:zombie":2},"minecraft:crafted":{"minecraft:spruce_planks":24,"minecraft:spruce_button":24},"minecraft:mined":{"minecraft:short_grass":24,"minecraft:grass_block":14,"minecraft:dirt":1,"minecraft:ice":3,"minecraft:spruce_leaves":5,"minecraft:spruce_log":6},"minecraft:custom":{"minecraft:time_since_rest":3799,"minecraft:damage_taken":1405,"minecraft:crouch_one_cm":48,"minecraft:play_time":29363,"minecraft:sprint_one_cm":49690,"minecraft:walk_one_cm":44047,"minecraft:deaths":6,"minecraft:sneak_time":23,"minecraft:walk_under_water_one_cm":5043,"minecraft:drop":1,"minecraft:aviate_one_cm":440692,"minecraft:jump":424,"minecraft:damage_dealt":50,"minecraft:leave_game":12,"minecraft:time_since_death":3558,"minecraft:walk_on_water_one_cm":1539,"minecraft:total_world_time":29363,"minecraft:fall_one_cm":11861,"minecraft:fly_one_cm":112761}},"DataVersion":3953}