{"stats":{"minecraft:mined":{"minecraft:spruce_planks":9,"minecraft:mossy_cobblestone":9,"minecraft:grass_block":18,"minecraft:decorated_pot":1,"minecraft:spruce_leaves":8,"minecraft:chiseled_stone_bricks":1,"minecraft:hay_block":56,"minecraft:furnace":1,"minecraft:carrots":19,"minecraft:iron_ore":45,"minecraft:andesite":2,"minecraft:waxed_oxidized_copper_bulb":1,"minecraft:stripped_spruce_log":1,"minecraft:gold_block":5,"minecraft:bell":1,"minecraft:packed_ice":2,"minecraft:stone":24,"minecraft:tripwire":2,"minecraft:red_bed":2,"minecraft:snow_block":9,"minecraft:crafting_table":4,"minecraft:short_grass":40,"minecraft:blast_furnace":1,"minecraft:emerald_ore":1,"minecraft:tall_grass":1,"minecraft:cobblestone":5,"minecraft:wheat":1,"minecraft:ice":94,"minecraft:spruce_log":13,"minecraft:stone_brick_stairs":1,"minecraft:oak_log":10,"minecraft:coal_ore":69,"minecraft:acacia_fence":1,"minecraft:loom":1,"minecraft:gravel":4,"minecraft:dripstone_block":2,"minecraft:dirt":6,"minecraft:cracked_stone_bricks":2,"minecraft:stone_bricks":1,"minecraft:mossy_stone_bricks":4,"minecraft:oak_leaves":1,"minecraft:emerald_block":8,"minecraft:fern":1},"minecraft:killed_by":{"minecraft:creeper":2,"minecraft:spider":1,"minecraft:zombie":3},"minecraft:picked_up":{"minecraft:crafting_table":6,"minecraft:gold_block":6,"minecraft:stone_brick_stairs":1,"minecraft:shield":2,"minecraft:string":1,"minecraft:red_bed":4,"minecraft:iron_axe":2,"minecraft:spruce_planks":44,"minecraft:beef":48,"minecraft:iron_pickaxe":3,"minecraft:birch_sapling":2,"minecraft:furnace":3,"minecraft:stick":11,"minecraft:raw_iron":70,"minecraft:torch":16,"minecraft:porkchop":25,"minecraft:pointed_dripstone":4,"minecraft:carrot":127,"minecraft:rotten_flesh":6,"minecraft:decorated_pot":2,"minecraft:hay_block":120,"minecraft:mutton":18,"minecraft:obsidian":3,"minecraft:cobblestone":149,"minecraft:snowball":108,"minecraft:white_wool":22,"minecraft:cooked_beef":2,"minecraft:jungle_log":20,"minecraft:andesite":4,"minecraft:leather":29,"minecraft:potato":1,"minecraft:flint":5,"minecraft:oak_log":30,"minecraft:dirt":42,"minecraft:cooked_mutton":4,"minecraft:wheat_seeds":67,"minecraft:bell":1,"minecraft:stone_pickaxe":1,"minecraft:iron_ingot":10,"minecraft:bamboo":1,"minecraft:emerald_block":14,"minecraft:cooked_porkchop":29,"minecraft:waxed_oxidized_copper_bulb":1,"minecraft:dripstone_block":2,"minecraft:gravel":3,"minecraft:sand":1,"minecraft:stripped_spruce_log":1,"minecraft:spruce_sapling":6,"minecraft:blast_furnace":2,"minecraft:spruce_log":15,"minecraft:loom":2,"minecraft:spider_eye":1,"minecraft:stone_axe":1,"minecraft:spruce_boat":9,"minecraft:golden_apple":1,"minecraft:emerald":4,"minecraft:bread":27,"minecraft:baked_potato":3,"minecraft:coal":132},"minecraft:dropped":{"minecraft:bread":35,"minecraft:porkchop":4,"minecraft:wheat_seeds":1,"minecraft:diamond":1,"minecraft:stick":1,"minecraft:dirt":27,"minecraft:snowball":43,"minecraft:sand":1,"minecraft:iron_pickaxe":1,"minecraft:string":1,"minecraft:spruce_sapling":6,"minecraft:birch_sapling":1,"minecraft:pointed_dripstone":2,"minecraft:rotten_flesh":4,"minecraft:spruce_boat":2,"minecraft:spider_eye":1,"minecraft:spruce_log":2},"minecraft:killed":{"minecraft:armadillo":1,"minecraft:cave_spider":1,"minecraft:bogged":1,"minecraft:spider":1,"minecraft:pig":12,"minecraft:sheep":6,"minecraft:zombie":2,"minecraft:player":1,"minecraft:cow":12},"minecraft:crafted":{"minecraft:spruce_button":24,"minecraft:furnace":1,"minecraft:cooked_mutton":4,"minecraft:iron_axe":1,"minecraft:stone_pickaxe":1,"minecraft:wheat":153,"minecraft:cooked_porkchop":17,"minecraft:crafting_table":1,"minecraft:spruce_planks":56,"minecraft:stone_axe":1,"minecraft:bread":51,"minecraft:air":0,"minecraft:shield":1,"minecraft:iron_pickaxe":2,"minecraft:iron_ingot":20},"minecraft:used":{"minecraft:elytra":1,"minecraft:shield":9,"minecraft:torch":1,"minecraft:dirt":15,"minecraft:crafter":1,"minecraft:snowball":1,"minecraft:spruce_boat":4,"minecraft:iron_axe":63,"minecraft:jungle_log":2,"minecraft:furnace":1,"minecraft:potato":1,"minecraft:cooked_mutton":4,"minecraft:stone_pickaxe":74,"minecraft:baked_potato":3,"minecraft:white_wool":1,"minecraft:crafting_table":4,"minecraft:red_bed":1,"minecraft:dripstone_block":2,"minecraft:firework_rocket":39,"minecraft:bread":15,"minecraft:iron_pickaxe":116,"minecraft:stone_axe":61,"minecraft:cobblestone":18,"minecraft:cooked_porkchop":13},"minecraft:custom":{"minecraft:mob_kills":37,"minecraft:interact_with_crafting_table":12,"minecraft:leave_game":16,"minecraft:time_since_death":8462,"minecraft:climb_one_cm":4830,"minecraft:sprint_one_cm":353914,"minecraft:walk_one_cm":197535,"minecraft:damage_blocked_by_shield":518,"minecraft:drop":36,"minecraft:play_noteblock":1,"minecraft:talked_to_villager":12,"minecraft:play_time":144089,"minecraft:deaths":8,"minecraft:sneak_time":720,"minecraft:walk_under_water_one_cm":11643,"minecraft:boat_one_cm":719346,"minecraft:jump":2159,"minecraft:walk_on_water_one_cm":8457,"minecraft:total_world_time":144089,"minecraft:interact_with_furnace":6,"minecraft:sleep_in_bed":3,"minecraft:time_since_rest":8488,"minecraft:damage_taken":3982,"minecraft:trigger_trapped_chest":13,"minecraft:damage_dealt":4522,"minecraft:swim_one_cm":22065,"minecraft:fly_one_cm":397274,"minecraft:player_kills":1,"minecraft:open_chest":14,"minecraft:crouch_one_cm":1278,"minecraft:aviate_one_cm":440692,"minecraft:interact_with_smoker":12,"minecraft:fall_one_cm":75706,"minecraft:inspect_dispenser":1}},"DataVersion":3953}