{"stats":{"minecraft:mined":{"croptopia:pepper_crop":1,"croptopia:orange_crop":4,"minecraft:jungle_leaves":1,"minecraft:brewing_stand":1,"minecraft:grass_block":7,"minecraft:decorated_pot":3,"minecraft:spruce_leaves":2,"minecraft:hay_block":23,"minecraft:furnace":2,"chococraft:gysahl_green":7,"minecraft:bone_block":33,"minecraft:stone":43,"minecraft:smithing_table":1,"minecraft:red_bed":3,"minecraft:crafting_table":6,"minecraft:short_grass":13,"minecraft:blast_furnace":1,"minecraft:cobblestone":1,"minecraft:oak_planks":1,"minecraft:mud":2,"minecraft:wheat":153,"minecraft:spruce_log":5,"minecraft:oak_log":29,"minecraft:sunflower":3,"minecraft:sand":29,"minecraft:dirt":13,"minecraft:oak_leaves":6,"minecraft:emerald_block":4,"minecraft:fern":4},"minecraft:dropped":{"minecraft:bread":27,"minecraft:porkchop":1,"minecraft:wheat_seeds":65,"minecraft:decorated_pot":3,"chococraft:gysahl_green_seeds":5,"minecraft:dirt":6,"minecraft:iron_leggings":1,"minecraft:gold_nugget":8,"minecraft:bone_block":30,"minecraft:mud":2,"minecraft:furnace":1,"minecraft:stone_axe":1,"minecraft:oak_planks":4,"minecraft:oak_sign":2,"minecraft:filled_map":1,"minecraft:spruce_planks":4,"minecraft:oak_boat":1,"minecraft:oak_sapling":2,"livingthings:lion":2,"croptopia:pepper_seed":1},"minecraft:broken":{"minecraft:stone_axe":1},"minecraft:picked_up":{"livingthings:lion":2,"minecraft:mud":2,"minecraft:crafting_table":6,"minecraft:wheat":64,"minecraft:chicken":5,"minecraft:smithing_table":1,"croptopia:calamari":1,"waystones:deepslate_waystone":1,"minecraft:brewing_stand":1,"minecraft:red_bed":3,"minecraft:string":2,"livingthings:banana":1,"minecraft:oak_sign":2,"minecraft:spruce_planks":4,"minecraft:beef":11,"minecraft:oak_boat":3,"croptopia:pepper_seed":2,"minecraft:iron_pickaxe":1,"minecraft:furnace":2,"minecraft:porkchop":1,"minecraft:arrow":1,"minecraft:decorated_pot":3,"minecraft:hay_block":23,"croptopia:pepper":1,"chococraft:chocobo_drumstick_raw":1,"minecraft:mutton":5,"minecraft:cod":2,"minecraft:bone_block":60,"minecraft:white_wool":3,"minecraft:cobblestone":43,"minecraft:feather":9,"minecraft:leather":9,"minecraft:filled_map":1,"minecraft:oak_log":29,"minecraft:dirt":19,"chococraft:chocobo_feather":2,"chococraft:gysahl_green":32,"minecraft:wheat_seeds":127,"minecraft:oak_planks":8,"minecraft:emerald_block":4,"minecraft:sand":30,"chococraft:gysahl_green_seeds":5,"minecraft:blast_furnace":1,"minecraft:ink_sac":2,"minecraft:spruce_log":5,"waystones:waystone":3,"croptopia:orange":3,"minecraft:breeze_rod":1,"minecraft:bread":27,"minecraft:oak_sapling":4,"minecraft:sunflower":3},"minecraft:used":{"minecraft:iron_shovel":36,"croptopia:calamari":1,"minecraft:oak_sign":2,"minecraft:chest":4,"livingthings:banana":1,"minecraft:cooked_salmon":5,"minecraft:dirt":5,"minecraft:glass":3,"minecraft:iron_axe":34,"minecraft:furnace":2,"minecraft:cooked_beef":2,"minecraft:stone_pickaxe":13,"minecraft:oak_planks":4,"minecraft:wooden_pickaxe":6,"minecraft:crafting_table":10,"minecraft:red_bed":2,"minecraft:cod":2,"croptopia:orange":3,"minecraft:oak_log":15,"minecraft:apple":9,"minecraft:chicken":3,"minecraft:bread":25,"minecraft:iron_pickaxe":74,"minecraft:stone_axe":137,"travelersbackpack:standard":3,"minecraft:smithing_table":1,"minecraft:bucket":5,"chococraft:gysahl_green":26,"minecraft:oak_boat":1},"minecraft:crafted":{"minecraft:oak_planks":88,"minecraft:yellow_wool":2,"travelersbackpack:yellow_sleeping_bag":1,"minecraft:furnace":2,"minecraft:cooked_mutton":5,"minecraft:glass":15,"minecraft:iron_axe":1,"minecraft:stone_pickaxe":1,"minecraft:chest":5,"minecraft:cooked_beef":3,"minecraft:crafting_table":5,"minecraft:spruce_planks":20,"travelersbackpack:backpack_tank":2,"minecraft:wooden_pickaxe":1,"travelersbackpack:standard":2,"minecraft:smithing_table":1,"minecraft:stone_axe":2,"minecraft:air":0,"minecraft:bread":21,"minecraft:yellow_dye":6,"minecraft:shield":1,"minecraft:stick":28,"minecraft:iron_pickaxe":1,"minecraft:iron_shovel":1,"minecraft:gold_ingot":3,"chococraft:chocobo_saddle":1},"minecraft:killed":{"minecraft:spider":1,"livingthings:lion":1,"minecraft:chicken":5,"livingthings:shark":1,"minecraft:husk":3,"minecraft:pig":1,"minecraft:squid":1,"minecraft:sheep":3,"minecraft:pillager":1,"minecraft:breeze":1,"chococraft:chocobo":1,"minecraft:cow":6},"minecraft:killed_by":{"minecraft:husk":2,"minecraft:zombie_villager":2,"minecraft:skeleton":2},"minecraft:custom":{"minecraft:interact_with_smithing_table":2,"minecraft:mob_kills":25,"minecraft:interact_with_crafting_table":31,"minecraft:open_barrel":7,"minecraft:bell_ring":1,"minecraft:leave_game":7,"minecraft:time_since_death":19888,"minecraft:climb_one_cm":5287,"minecraft:sprint_one_cm":371984,"minecraft:walk_one_cm":109535,"minecraft:drop":22,"minecraft:talked_to_villager":1,"minecraft:play_time":114733,"minecraft:deaths":6,"minecraft:sneak_time":1780,"minecraft:walk_under_water_one_cm":3333,"minecraft:boat_one_cm":130633,"minecraft:interact_with_brewingstand":1,"minecraft:jump":1561,"minecraft:walk_on_water_one_cm":4120,"minecraft:total_world_time":114733,"minecraft:interact_with_furnace":10,"minecraft:interact_with_cartography_table":1,"minecraft:tune_noteblock":1,"minecraft:sleep_in_bed":2,"minecraft:time_since_rest":7125,"minecraft:waystone_activated":1,"minecraft:damage_taken":3724,"minecraft:damage_dealt":4968,"minecraft:swim_one_cm":45146,"minecraft:fly_one_cm":364494,"minecraft:open_chest":41,"minecraft:crouch_one_cm":3032,"minecraft:fall_one_cm":37590}},"DataVersion":3953}