{"stats":{"minecraft:mined":{"minecraft:spruce_planks":9,"minecraft:oak_sapling":2,"minecraft:farmland":2,"minecraft:mossy_cobblestone":9,"minecraft:cherry_log":24,"minecraft:cherry_sapling":1,"minecraft:grass_block":347,"minecraft:decorated_pot":1,"minecraft:spruce_leaves":44,"minecraft:oxeye_daisy":1,"minecraft:chiseled_stone_bricks":1,"minecraft:large_fern":1,"minecraft:hay_block":56,"minecraft:spruce_sapling":1,"minecraft:furnace":1,"minecraft:carrots":24,"minecraft:iron_ore":45,"minecraft:andesite":2,"minecraft:waxed_oxidized_copper_bulb":1,"minecraft:stripped_spruce_log":1,"minecraft:gold_block":5,"minecraft:bell":1,"minecraft:packed_ice":2,"minecraft:stone":24,"minecraft:tripwire":2,"minecraft:red_bed":3,"minecraft:snow_block":9,"minecraft:dandelion":1,"minecraft:crafting_table":6,"minecraft:short_grass":223,"minecraft:blast_furnace":1,"minecraft:emerald_ore":1,"minecraft:tall_grass":5,"minecraft:cobblestone":7,"minecraft:grindstone":2,"minecraft:sugar_cane":3,"minecraft:oak_planks":15,"minecraft:wheat":1,"minecraft:ice":94,"minecraft:spruce_log":156,"minecraft:stone_brick_stairs":1,"minecraft:oak_log":50,"minecraft:coal_ore":69,"minecraft:cherry_leaves":5,"minecraft:acacia_fence":1,"minecraft:loom":1,"minecraft:gravel":4,"minecraft:dripstone_block":2,"minecraft:dirt":50,"minecraft:cracked_stone_bricks":2,"minecraft:stone_bricks":1,"minecraft:mossy_stone_bricks":4,"minecraft:oak_leaves":27,"minecraft:emerald_block":8,"minecraft:fern":1},"minecraft:killed_by":{"minecraft:creeper":3,"minecraft:spider":1,"minecraft:skeleton":3,"minecraft:zombie":3},"minecraft:picked_up":{"minecraft:crafting_table":12,"minecraft:gold_block":6,"minecraft:stone_brick_stairs":1,"minecraft:shield":6,"minecraft:string":1,"minecraft:red_bed":5,"minecraft:iron_axe":3,"minecraft:spruce_planks":50,"minecraft:beef":48,"minecraft:oak_boat":7,"minecraft:iron_pickaxe":4,"minecraft:sugar_cane":30,"minecraft:birch_sapling":2,"minecraft:furnace":3,"minecraft:stick":65,"minecraft:raw_iron":70,"minecraft:torch":79,"minecraft:porkchop":25,"minecraft:cherry_log":108,"minecraft:pointed_dripstone":4,"minecraft:carrot":143,"minecraft:arrow":3,"minecraft:rotten_flesh":14,"minecraft:decorated_pot":2,"minecraft:hay_block":120,"minecraft:obsidian":3,"minecraft:mutton":18,"minecraft:cobblestone":215,"minecraft:snowball":108,"minecraft:white_wool":22,"minecraft:oxeye_daisy":1,"minecraft:cooked_beef":2,"minecraft:water_bucket":3,"minecraft:andesite":4,"minecraft:jungle_log":20,"minecraft:leather":29,"minecraft:potato":1,"minecraft:flint":5,"minecraft:oak_log":200,"minecraft:gunpowder":2,"minecraft:dirt":527,"minecraft:cooked_mutton":4,"minecraft:bone":7,"minecraft:wheat_seeds":137,"minecraft:bell":1,"minecraft:stone_pickaxe":2,"minecraft:grindstone":2,"minecraft:iron_ingot":10,"minecraft:bamboo":1,"minecraft:oak_planks":163,"minecraft:emerald_block":14,"minecraft:cooked_porkchop":29,"minecraft:waxed_oxidized_copper_bulb":1,"minecraft:dripstone_block":2,"minecraft:gravel":3,"minecraft:sand":4,"minecraft:stripped_spruce_log":1,"minecraft:spruce_sapling":16,"minecraft:blast_furnace":2,"minecraft:spruce_log":661,"minecraft:loom":2,"minecraft:spider_eye":1,"minecraft:iron_hoe":4,"minecraft:diamond_shovel":4,"minecraft:spruce_boat":10,"minecraft:stone_axe":1,"minecraft:diamond_axe":3,"minecraft:cherry_sapling":26,"minecraft:golden_apple":1,"minecraft:emerald":4,"minecraft:bread":83,"minecraft:baked_potato":3,"minecraft:oak_sapling":21,"minecraft:coal":132,"minecraft:sunflower":3,"minecraft:diamond_pickaxe":4},"minecraft:dropped":{"minecraft:bread":35,"minecraft:porkchop":4,"minecraft:wheat_seeds":1,"minecraft:loom":1,"minecraft:diamond":1,"minecraft:cobblestone":58,"minecraft:stick":1,"minecraft:dirt":31,"minecraft:torch":1,"minecraft:snowball":43,"minecraft:iron_axe":1,"minecraft:sand":4,"minecraft:iron_pickaxe":2,"minecraft:string":1,"minecraft:spruce_sapling":6,"minecraft:bone":2,"minecraft:birch_sapling":1,"minecraft:pointed_dripstone":2,"minecraft:cherry_sapling":1,"minecraft:rotten_flesh":7,"minecraft:spruce_boat":2,"minecraft:spruce_planks":6,"minecraft:diamond_pickaxe":1,"minecraft:spider_eye":1,"minecraft:spruce_log":2,"minecraft:arrow":2,"minecraft:stone_pickaxe":1},"minecraft:killed":{"minecraft:armadillo":1,"minecraft:cave_spider":1,"minecraft:bogged":1,"minecraft:spider":1,"minecraft:skeleton":1,"minecraft:pig":12,"minecraft:creeper":2,"minecraft:sheep":7,"minecraft:pillager":2,"minecraft:zombie":3,"minecraft:player":1,"minecraft:cow":12},"minecraft:crafted":{"minecraft:oak_planks":40,"minecraft:spruce_button":24,"minecraft:furnace":1,"minecraft:bone_meal":15,"minecraft:diamond_shovel":1,"minecraft:cooked_mutton":8,"minecraft:iron_boots":1,"minecraft:iron_axe":1,"minecraft:iron_hoe":1,"minecraft:stone_pickaxe":1,"minecraft:chest":3,"minecraft:wheat":153,"minecraft:cooked_porkchop":17,"minecraft:diamond_axe":1,"minecraft:crafting_table":2,"minecraft:spruce_planks":56,"minecraft:gold_block":10,"minecraft:bucket":1,"minecraft:stone_axe":1,"minecraft:bread":51,"minecraft:air":0,"minecraft:jungle_planks":72,"minecraft:oak_boat":2,"minecraft:iron_chestplate":1,"minecraft:diamond_pickaxe":2,"minecraft:shield":1,"minecraft:stick":16,"minecraft:iron_ingot":45,"minecraft:iron_pickaxe":2,"minecraft:iron_leggings":1},"minecraft:used":{"minecraft:cherry_sapling":23,"minecraft:elytra":1,"minecraft:chest":3,"minecraft:shield":9,"minecraft:bell":1,"minecraft:torch":1,"minecraft:dirt":334,"minecraft:crafter":1,"minecraft:carrot":111,"minecraft:snowball":1,"minecraft:spruce_boat":6,"minecraft:iron_hoe":137,"minecraft:iron_axe":71,"minecraft:jungle_log":2,"minecraft:oak_sapling":20,"minecraft:furnace":1,"minecraft:potato":1,"minecraft:cooked_mutton":8,"minecraft:water_bucket":9,"minecraft:baked_potato":3,"minecraft:stone_pickaxe":76,"minecraft:oak_planks":15,"minecraft:diamond_axe":245,"minecraft:white_wool":1,"minecraft:crafting_table":6,"minecraft:red_bed":3,"minecraft:blast_furnace":1,"minecraft:dripstone_block":2,"minecraft:spruce_log":37,"minecraft:oxeye_daisy":1,"minecraft:diamond_pickaxe":4,"minecraft:firework_rocket":39,"minecraft:diamond_shovel":389,"minecraft:iron_pickaxe":116,"minecraft:bread":23,"minecraft:spruce_sapling":10,"minecraft:stone_axe":61,"minecraft:cobblestone":20,"minecraft:grindstone":2,"minecraft:cooked_porkchop":17,"minecraft:bucket":10,"minecraft:oak_boat":2,"minecraft:bone_meal":15},"minecraft:custom":{"minecraft:mob_kills":44,"minecraft:interact_with_crafting_table":22,"minecraft:leave_game":19,"minecraft:time_since_death":8431,"minecraft:climb_one_cm":5429,"minecraft:sprint_one_cm":722644,"minecraft:walk_one_cm":395500,"minecraft:damage_blocked_by_shield":518,"minecraft:drop":54,"minecraft:play_noteblock":1,"minecraft:talked_to_villager":12,"minecraft:play_time":233988,"minecraft:deaths":12,"minecraft:sneak_time":1106,"minecraft:walk_under_water_one_cm":16868,"minecraft:boat_one_cm":961118,"minecraft:jump":3831,"minecraft:interact_with_blast_furnace":6,"minecraft:walk_on_water_one_cm":10087,"minecraft:total_world_time":233988,"minecraft:interact_with_furnace":9,"minecraft:sleep_in_bed":8,"minecraft:time_since_rest":8479,"minecraft:damage_taken":5290,"minecraft:trigger_trapped_chest":13,"minecraft:damage_dealt":5832,"minecraft:player_kills":1,"minecraft:swim_one_cm":26458,"minecraft:fly_one_cm":781742,"minecraft:open_chest":60,"minecraft:crouch_one_cm":2449,"minecraft:aviate_one_cm":440692,"minecraft:interact_with_smoker":18,"minecraft:fall_one_cm":121012,"minecraft:inspect_dispenser":1}},"DataVersion":3953}