{"stats":{"minecraft:mined":{"croptopia:pepper_crop":1,"minecraft:furnace":1,"croptopia:orange_crop":4,"minecraft:spruce_log":5,"minecraft:crafting_table":3,"minecraft:blast_furnace":1,"minecraft:short_grass":9,"chococraft:gysahl_green":7,"minecraft:grass_block":5,"minecraft:oak_log":26,"minecraft:dirt":9,"minecraft:spruce_leaves":2,"minecraft:stone":16,"minecraft:oak_leaves":4,"minecraft:fern":1},"minecraft:dropped":{"minecraft:oak_boat":1},"minecraft:picked_up":{"minecraft:crafting_table":3,"minecraft:feather":9,"minecraft:chicken":5,"minecraft:leather":2,"minecraft:oak_log":26,"chococraft:gysahl_green_seeds":5,"minecraft:blast_furnace":1,"minecraft:spruce_log":5,"minecraft:string":2,"minecraft:dirt":13,"chococraft:chocobo_feather":2,"chococraft:gysahl_green":32,"minecraft:wheat_seeds":1,"waystones:waystone":1,"croptopia:orange":3,"minecraft:beef":3,"croptopia:pepper_seed":1,"minecraft:oak_boat":3,"croptopia:pepper":1,"chococraft:chocobo_drumstick_raw":1,"minecraft:oak_planks":3,"minecraft:oak_sapling":2,"minecraft:cod":2,"minecraft:cobblestone":16,"minecraft:furnace":1},"minecraft:used":{"minecraft:chicken":3,"minecraft:stone_pickaxe":13,"minecraft:wooden_pickaxe":6,"minecraft:stone_axe":83,"minecraft:dirt":4,"minecraft:crafting_table":5,"minecraft:furnace":1,"chococraft:gysahl_green":26,"minecraft:oak_boat":1,"minecraft:cod":2,"minecraft:cooked_beef":2,"croptopia:orange":3},"minecraft:crafted":{"minecraft:cooked_beef":3,"minecraft:oak_planks":24,"minecraft:crafting_table":3,"minecraft:stick":8,"minecraft:wooden_pickaxe":1,"minecraft:stone_pickaxe":1,"chococraft:chocobo_saddle":1,"minecraft:furnace":1,"minecraft:stone_axe":1,"minecraft:air":0},"minecraft:killed":{"minecraft:chicken":5,"minecraft:spider":1,"livingthings:shark":1,"minecraft:cow":2,"chococraft:chocobo":1},"minecraft:killed_by":{"minecraft:husk":1},"minecraft:custom":{"minecraft:time_since_rest":8845,"minecraft:interact_with_furnace":4,"minecraft:sprint_one_cm":109463,"minecraft:damage_taken":880,"minecraft:walk_one_cm":40429,"minecraft:mob_kills":10,"minecraft:drop":1,"minecraft:damage_dealt":1736,"minecraft:interact_with_cartography_table":1,"minecraft:tune_noteblock":1,"minecraft:interact_with_crafting_table":10,"minecraft:fly_one_cm":101962,"minecraft:open_chest":1,"minecraft:crouch_one_cm":698,"minecraft:play_time":28734,"minecraft:deaths":1,"minecraft:sneak_time":474,"minecraft:boat_one_cm":130633,"minecraft:jump":477,"minecraft:time_since_death":8818,"minecraft:leave_game":1,"minecraft:walk_on_water_one_cm":1495,"minecraft:total_world_time":28734,"minecraft:fall_one_cm":13657}},"DataVersion":3953}