{"stats":{"minecraft:mined":{"minecraft:dark_prismarine_stairs":2,"minecraft:dark_prismarine":14,"croptopia:pepper_crop":1,"minecraft:spruce_planks":2,"croptopia:orange_crop":4,"minecraft:mossy_cobblestone":3,"minecraft:jungle_leaves":1,"minecraft:orange_stained_glass":1,"minecraft:brewing_stand":1,"minecraft:grass_block":666,"minecraft:decorated_pot":3,"minecraft:spruce_leaves":2,"minecraft:chiseled_stone_bricks":2,"minecraft:spawner":13,"minecraft:hay_block":23,"minecraft:furnace":2,"minecraft:acacia_wood":3,"minecraft:gold_block":15,"minecraft:nether_brick_stairs":2,"chococraft:gysahl_green":7,"minecraft:stone":78,"minecraft:bone_block":33,"minecraft:ender_chest":1,"minecraft:player_head":6,"minecraft:smithing_table":1,"minecraft:red_bed":11,"minecraft:player_wall_head":1,"minecraft:smoker":2,"minecraft:dandelion":13,"minecraft:crafting_table":8,"minecraft:short_grass":461,"minecraft:blast_furnace":1,"minecraft:chest":1,"minecraft:dead_bush":1,"minecraft:tall_grass":30,"minecraft:cobblestone":5,"minecraft:oak_planks":13,"minecraft:mud":2,"minecraft:wheat":153,"minecraft:spruce_log":5,"minecraft:stone_brick_stairs":1,"minecraft:oak_log":287,"minecraft:gravel":1,"minecraft:sunflower":3,"minecraft:dirt":42,"minecraft:sand":29,"minecraft:cracked_stone_bricks":1,"minecraft:acacia_planks":3,"minecraft:stripped_acacia_wood":6,"minecraft:stone_bricks":1,"minecraft:mossy_stone_bricks":2,"minecraft:oak_leaves":22,"minecraft:emerald_block":16,"minecraft:fern":5,"minecraft:dark_oak_planks":26},"minecraft:dropped":{"minecraft:nether_brick_stairs":2,"minecraft:enchanted_book":1,"minecraft:bread":27,"minecraft:porkchop":1,"minecraft:dark_oak_stairs":1,"minecraft:wheat_seeds":79,"minecraft:diamond_axe":1,"minecraft:mossy_cobblestone":2,"minecraft:decorated_pot":3,"croptopia:orange":3,"minecraft:cobblestone":7,"chococraft:gysahl_green_seeds":5,"minecraft:golden_apple":6,"minecraft:cyan_terracotta":1,"minecraft:dirt":6,"minecraft:ink_sac":2,"minecraft:diamond_helmet":1,"minecraft:iron_leggings":2,"minecraft:gold_nugget":8,"minecraft:bone_block":30,"minecraft:iron_axe":1,"minecraft:mud":2,"minecraft:dark_oak_planks":2,"minecraft:acacia_planks":5,"minecraft:redstone":4,"minecraft:gold_ingot":4,"minecraft:bone":20,"minecraft:furnace":1,"minecraft:stone_axe":1,"minecraft:dark_prismarine_stairs":2,"minecraft:wheat":10,"minecraft:raw_iron":1,"minecraft:rotten_flesh":4,"minecraft:iron_boots":1,"minecraft:oak_planks":66,"minecraft:light_gray_carpet":2,"minecraft:stripped_acacia_wood":2,"minecraft:oak_sign":2,"minecraft:chiseled_stone_bricks":2,"minecraft:filled_map":1,"minecraft:poppy":2,"minecraft:diamond_chestplate":1,"minecraft:spruce_planks":5,"minecraft:diamond_pickaxe":2,"minecraft:mossy_stone_bricks":1,"minecraft:oak_boat":1,"minecraft:oak_sapling":2,"minecraft:golden_sword":1,"livingthings:lion":2,"minecraft:diamond_boots":1,"croptopia:pepper_seed":1,"waystones:waystone":2,"minecraft:stone_brick_stairs":1,"minecraft:dark_prismarine":12},"minecraft:broken":{"minecraft:iron_axe":2,"minecraft:stone_axe":1},"minecraft:picked_up":{"livingthings:lion":2,"minecraft:mud":2,"minecraft:crafting_table":7,"minecraft:wheat":73,"minecraft:chicken":5,"minecraft:smithing_table":1,"minecraft:lead":1,"minecraft:gold_block":15,"minecraft:enchanted_book":1,"croptopia:calamari":1,"minecraft:stone_brick_stairs":1,"waystones:deepslate_waystone":3,"minecraft:brewing_stand":1,"minecraft:string":31,"minecraft:red_bed":11,"minecraft:iron_leggings":1,"livingthings:banana":1,"minecraft:oak_sign":2,"minecraft:netherite_sword":1,"minecraft:bucket":1,"minecraft:dark_prismarine_stairs":2,"minecraft:spruce_planks":6,"minecraft:beef":11,"minecraft:oak_boat":3,"minecraft:player_head":8,"croptopia:pepper_seed":2,"minecraft:poppy":2,"minecraft:iron_pickaxe":2,"minecraft:chest":1,"minecraft:diamond_hoe":1,"minecraft:furnace":3,"minecraft:raw_iron":1,"minecraft:torch":13,"minecraft:porkchop":29,"minecraft:redstone":4,"minecraft:dark_oak_planks":19,"minecraft:arrow":2,"minecraft:rotten_flesh":5,"minecraft:decorated_pot":3,"minecraft:hay_block":23,"minecraft:cyan_terracotta":1,"minecraft:gold_ingot":14,"croptopia:pepper":1,"chococraft:chocobo_drumstick_raw":1,"minecraft:obsidian":16,"minecraft:mutton":5,"minecraft:cod":2,"minecraft:bone_block":60,"minecraft:white_wool":3,"minecraft:cobblestone":78,"minecraft:netherite_boots":3,"minecraft:feather":9,"minecraft:cooked_beef":17,"minecraft:leather":18,"minecraft:smoker":2,"minecraft:acacia_wood":3,"minecraft:filled_map":1,"minecraft:oak_log":285,"minecraft:lapis_lazuli":6,"minecraft:dirt":668,"minecraft:apple":1,"minecraft:name_tag":1,"minecraft:cooked_mutton":4,"chococraft:chocobo_feather":2,"minecraft:bone":20,"minecraft:acacia_planks":3,"chococraft:gysahl_green":32,"minecraft:stone_bricks":1,"minecraft:wheat_seeds":188,"minecraft:wild_armor_trim_smithing_template":1,"minecraft:mossy_stone_bricks":1,"minecraft:bamboo":2,"minecraft:oak_planks":29,"minecraft:dark_oak_stairs":1,"minecraft:emerald_block":32,"minecraft:chiseled_stone_bricks":2,"minecraft:dandelion":10,"minecraft:stripped_acacia_wood":2,"minecraft:sand":30,"minecraft:ink_sac":2,"chococraft:gysahl_green_seeds":5,"minecraft:nether_brick_stairs":2,"minecraft:blast_furnace":1,"minecraft:spruce_log":5,"minecraft:mossy_cobblestone":2,"minecraft:dark_prismarine":12,"minecraft:slime_ball":1,"waystones:waystone":6,"croptopia:orange":7,"minecraft:breeze_rod":1,"minecraft:golden_apple":2,"minecraft:bread":27,"minecraft:oak_sapling":5,"minecraft:light_gray_carpet":2,"minecraft:coal":8,"minecraft:sunflower":3},"minecraft:crafted":{"minecraft:oak_planks":476,"minecraft:yellow_wool":2,"travelersbackpack:yellow_sleeping_bag":1,"minecraft:furnace":2,"minecraft:diamond_shovel":1,"minecraft:cooked_mutton":5,"minecraft:glass":15,"minecraft:iron_axe":3,"minecraft:stone_pickaxe":1,"minecraft:chest":11,"minecraft:wheat":199,"minecraft:cooked_beef":3,"minecraft:diamond_axe":2,"minecraft:crafting_table":8,"minecraft:spruce_planks":20,"travelersbackpack:backpack_tank":2,"minecraft:wooden_pickaxe":1,"travelersbackpack:standard":2,"minecraft:smithing_table":1,"minecraft:gold_block":12,"minecraft:stone_axe":2,"minecraft:bread":87,"minecraft:air":0,"minecraft:yellow_dye":6,"minecraft:diamond_pickaxe":3,"minecraft:emerald_block":3,"minecraft:shield":1,"minecraft:stick":40,"minecraft:iron_pickaxe":1,"minecraft:iron_shovel":1,"minecraft:gold_ingot":3,"chococraft:chocobo_saddle":1,"minecraft:acacia_planks":12},"minecraft:used":{"minecraft:iron_shovel":42,"croptopia:calamari":1,"minecraft:oak_sign":2,"minecraft:chest":10,"minecraft:spruce_planks":1,"livingthings:banana":1,"minecraft:cooked_salmon":5,"minecraft:player_head":2,"minecraft:dirt":22,"minecraft:glass":3,"minecraft:dark_oak_planks":17,"minecraft:iron_axe":452,"minecraft:stone_bricks":1,"minecraft:bamboo":2,"minecraft:golden_sword":18,"minecraft:furnace":3,"waystones:deepslate_waystone":2,"minecraft:cooked_beef":20,"minecraft:acacia_planks":4,"minecraft:cooked_mutton":9,"minecraft:water_bucket":45,"minecraft:stone_pickaxe":13,"minecraft:oak_planks":259,"minecraft:wooden_pickaxe":6,"minecraft:diamond_axe":179,"minecraft:sand":2,"minecraft:crafting_table":15,"minecraft:red_bed":11,"minecraft:blast_furnace":1,"minecraft:crossbow":1,"minecraft:cod":2,"croptopia:orange":4,"minecraft:smoker":2,"minecraft:oak_log":16,"minecraft:diamond_pickaxe":104,"minecraft:apple":18,"minecraft:diamond_shovel":716,"minecraft:chicken":3,"minecraft:iron_pickaxe":91,"minecraft:bread":80,"minecraft:stone_axe":137,"minecraft:cobblestone":22,"travelersbackpack:standard":13,"minecraft:porkchop":1,"minecraft:smithing_table":1,"chococraft:gysahl_green":26,"minecraft:bucket":49,"minecraft:oak_boat":1},"minecraft:killed":{"minecraft:spider":1,"minecraft:slime":1,"minecraft:phantom":2,"minecraft:skeleton":2,"livingthings:lion":1,"minecraft:chicken":5,"livingthings:shark":1,"minecraft:husk":3,"minecraft:pig":1,"livingthings:mantaray":1,"minecraft:hoglin":10,"minecraft:squid":1,"minecraft:sheep":3,"minecraft:pillager":1,"minecraft:zombie":8,"minecraft:breeze":1,"minecraft:wither_skeleton":13,"livingthings:snail":1,"minecraft:cow":6,"chococraft:chocobo":1},"minecraft:custom":{"minecraft:mob_kills":65,"minecraft:interact_with_crafting_table":45,"minecraft:open_barrel":7,"minecraft:bell_ring":1,"minecraft:leave_game":9,"minecraft:time_since_death":77000,"minecraft:climb_one_cm":6993,"minecraft:sprint_one_cm":994159,"minecraft:walk_one_cm":384491,"minecraft:drop":73,"minecraft:damage_dealt_absorbed":80,"minecraft:talked_to_villager":1,"minecraft:play_time":270421,"minecraft:deaths":19,"minecraft:sneak_time":12179,"minecraft:walk_under_water_one_cm":62697,"minecraft:boat_one_cm":130633,"minecraft:interact_with_brewingstand":1,"minecraft:jump":4339,"minecraft:total_world_time":270421,"minecraft:walk_on_water_one_cm":21061,"minecraft:interact_with_furnace":11,"minecraft:interact_with_cartography_table":1,"minecraft:tune_noteblock":1,"minecraft:sleep_in_bed":12,"minecraft:time_since_rest":486,"minecraft:waystone_activated":3,"minecraft:damage_taken":15865,"minecraft:trigger_trapped_chest":24,"minecraft:damage_dealt":16548,"minecraft:swim_one_cm":80773,"minecraft:fly_one_cm":911014,"minecraft:open_chest":103,"minecraft:crouch_one_cm":23708,"minecraft:interact_with_smoker":3,"minecraft:fall_one_cm":187259,"minecraft:interact_with_smithing_table":2},"minecraft:killed_by":{"minecraft:husk":2,"minecraft:zombie_villager":2,"minecraft:wither_skeleton":8,"minecraft:hoglin":1,"minecraft:skeleton":2}},"DataVersion":3953}