{"stats":{"minecraft:mined":{"minecraft:dark_prismarine":45,"croptopia:pepper_crop":1,"minecraft:spruce_planks":14,"croptopia:orange_crop":4,"minecraft:mossy_cobblestone":3,"minecraft:jungle_leaves":1,"minecraft:orange_stained_glass":1,"minecraft:brewing_stand":1,"minecraft:grass_block":1852,"minecraft:decorated_pot":3,"minecraft:spruce_leaves":2,"minecraft:chiseled_stone_bricks":2,"minecraft:spawner":19,"minecraft:hay_block":23,"minecraft:furnace":2,"minecraft:acacia_wood":7,"minecraft:azure_bluet":3,"minecraft:gold_block":15,"minecraft:nether_brick_stairs":2,"travelersbackpack:yellow_sleeping_bag":1,"minecraft:dirt_path":1,"chococraft:gysahl_green":7,"minecraft:shroomlight":2,"minecraft:spruce_slab":1,"minecraft:bamboo":2,"minecraft:stone":140,"minecraft:bone_block":33,"minecraft:ender_chest":1,"minecraft:player_head":6,"minecraft:smithing_table":1,"minecraft:red_bed":11,"minecraft:player_wall_head":1,"minecraft:smoker":2,"minecraft:dandelion":13,"minecraft:crafting_table":8,"minecraft:short_grass":537,"minecraft:blast_furnace":1,"minecraft:chest":1,"minecraft:dead_bush":1,"minecraft:tall_grass":43,"minecraft:cobblestone":5,"minecraft:oak_planks":13,"minecraft:mud":2,"minecraft:wheat":153,"minecraft:spruce_log":5,"minecraft:stone_brick_stairs":1,"minecraft:oak_log":315,"minecraft:polished_andesite":1,"minecraft:gravel":1,"minecraft:sunflower":3,"minecraft:dirt":618,"minecraft:sand":29,"minecraft:cracked_stone_bricks":1,"minecraft:acacia_planks":9,"minecraft:stripped_acacia_wood":17,"minecraft:stone_bricks":1,"minecraft:mossy_stone_bricks":2,"minecraft:oak_leaves":22,"minecraft:emerald_block":16,"minecraft:fern":5,"minecraft:dark_oak_planks":35,"minecraft:dark_prismarine_stairs":2},"minecraft:dropped":{"minecraft:nether_brick_stairs":2,"minecraft:enchanted_book":1,"minecraft:bread":40,"minecraft:porkchop":1,"minecraft:dark_oak_stairs":1,"minecraft:wheat_seeds":79,"minecraft:diamond_axe":1,"minecraft:mossy_cobblestone":2,"minecraft:decorated_pot":3,"croptopia:orange":3,"minecraft:cobblestone":7,"chococraft:gysahl_green_seeds":5,"minecraft:golden_apple":13,"minecraft:cyan_terracotta":1,"minecraft:dirt":6,"minecraft:ink_sac":2,"minecraft:netherite_boots":1,"minecraft:diamond_helmet":1,"minecraft:iron_leggings":2,"minecraft:bone_meal":127,"minecraft:gold_nugget":8,"minecraft:bone_block":30,"minecraft:iron_axe":1,"minecraft:mud":2,"minecraft:dark_oak_planks":2,"minecraft:acacia_planks":5,"minecraft:redstone":4,"minecraft:gold_ingot":4,"minecraft:bone":20,"minecraft:furnace":1,"minecraft:stone_axe":1,"minecraft:dark_prismarine_stairs":2,"minecraft:birch_sapling":2,"minecraft:wheat":10,"minecraft:raw_iron":1,"minecraft:rotten_flesh":4,"minecraft:iron_boots":1,"minecraft:oak_planks":66,"minecraft:light_gray_carpet":2,"minecraft:stripped_acacia_wood":2,"minecraft:azure_bluet":8,"minecraft:oak_sign":2,"minecraft:chiseled_stone_bricks":2,"minecraft:filled_map":1,"minecraft:poppy":2,"minecraft:gunpowder":3,"minecraft:diamond_chestplate":1,"minecraft:spruce_planks":5,"minecraft:diamond_pickaxe":2,"minecraft:mossy_stone_bricks":1,"minecraft:oak_boat":1,"minecraft:oak_sapling":2,"minecraft:golden_sword":1,"livingthings:lion":2,"minecraft:diamond_boots":1,"croptopia:pepper_seed":1,"waystones:waystone":2,"minecraft:stone_brick_stairs":1,"minecraft:dark_prismarine":12},"minecraft:broken":{"minecraft:diamond_shovel":1,"minecraft:iron_axe":2,"minecraft:stone_axe":1},"minecraft:picked_up":{"livingthings:lion":2,"minecraft:mud":2,"minecraft:crafting_table":7,"minecraft:wheat":73,"minecraft:azure_bluet":13,"minecraft:chicken":5,"minecraft:smithing_table":1,"minecraft:lead":1,"minecraft:wither_rose":2,"minecraft:gold_block":15,"minecraft:enchanted_book":1,"croptopia:calamari":1,"minecraft:stone_brick_stairs":1,"waystones:deepslate_waystone":5,"minecraft:brewing_stand":1,"minecraft:string":32,"minecraft:red_bed":11,"minecraft:iron_leggings":1,"livingthings:banana":1,"minecraft:shroomlight":2,"minecraft:oak_sign":2,"minecraft:netherite_sword":1,"minecraft:bucket":1,"minecraft:spruce_planks":17,"minecraft:dark_prismarine_stairs":2,"minecraft:beef":11,"minecraft:oak_boat":3,"minecraft:player_head":8,"croptopia:pepper_seed":2,"minecraft:poppy":2,"minecraft:iron_pickaxe":2,"minecraft:spruce_slab":2,"minecraft:chest":1,"minecraft:birch_sapling":2,"minecraft:diamond_hoe":1,"minecraft:furnace":3,"minecraft:raw_iron":1,"minecraft:torch":13,"minecraft:porkchop":29,"minecraft:redstone":4,"minecraft:dark_oak_planks":36,"minecraft:arrow":5,"minecraft:rotten_flesh":5,"minecraft:decorated_pot":3,"minecraft:hay_block":23,"minecraft:saddle":1,"minecraft:cyan_terracotta":1,"minecraft:gold_ingot":14,"croptopia:pepper":1,"chococraft:chocobo_drumstick_raw":1,"minecraft:mutton":5,"minecraft:obsidian":16,"minecraft:cod":2,"minecraft:bone_block":60,"minecraft:white_wool":3,"minecraft:cobblestone":140,"minecraft:netherite_boots":3,"minecraft:feather":9,"minecraft:cooked_beef":17,"minecraft:leather":18,"minecraft:smoker":2,"minecraft:acacia_wood":6,"minecraft:filled_map":1,"minecraft:oak_log":313,"minecraft:gunpowder":3,"minecraft:lapis_lazuli":6,"minecraft:dirt":2285,"minecraft:name_tag":1,"minecraft:cooked_mutton":4,"chococraft:chocobo_feather":2,"minecraft:bone":21,"minecraft:acacia_planks":9,"chococraft:gysahl_green":32,"minecraft:apple":1,"minecraft:stone_bricks":1,"minecraft:wheat_seeds":212,"minecraft:wild_armor_trim_smithing_template":1,"minecraft:mossy_stone_bricks":1,"minecraft:bamboo":16,"minecraft:oak_planks":29,"minecraft:dark_oak_stairs":1,"minecraft:emerald_block":32,"minecraft:chiseled_stone_bricks":2,"minecraft:dandelion":11,"minecraft:stripped_acacia_wood":13,"minecraft:sand":30,"minecraft:ink_sac":2,"chococraft:gysahl_green_seeds":5,"minecraft:nether_brick_stairs":2,"minecraft:blast_furnace":1,"minecraft:spruce_log":5,"minecraft:mossy_cobblestone":2,"minecraft:dark_prismarine":42,"minecraft:polished_andesite":1,"minecraft:slime_ball":1,"waystones:waystone":6,"croptopia:orange":7,"minecraft:breeze_rod":1,"minecraft:golden_apple":2,"minecraft:bread":27,"minecraft:oak_sapling":5,"minecraft:light_gray_carpet":2,"minecraft:coal":8,"minecraft:sunflower":3},"minecraft:crafted":{"minecraft:oak_planks":476,"minecraft:yellow_wool":2,"travelersbackpack:yellow_sleeping_bag":1,"minecraft:furnace":2,"minecraft:bone_meal":127,"minecraft:diamond_shovel":2,"minecraft:cooked_mutton":5,"minecraft:glass":15,"minecraft:iron_axe":3,"minecraft:stone_pickaxe":1,"minecraft:chest":11,"minecraft:wheat":199,"minecraft:cooked_beef":3,"minecraft:diamond_axe":2,"minecraft:crafting_table":8,"minecraft:spruce_planks":20,"travelersbackpack:backpack_tank":2,"minecraft:wooden_pickaxe":1,"travelersbackpack:standard":2,"minecraft:smithing_table":1,"minecraft:gold_block":12,"minecraft:stone_axe":2,"minecraft:bread":87,"minecraft:air":0,"minecraft:yellow_dye":6,"minecraft:diamond_pickaxe":3,"minecraft:emerald_block":3,"minecraft:shield":1,"minecraft:stick":40,"minecraft:iron_pickaxe":1,"minecraft:iron_shovel":1,"minecraft:gold_ingot":3,"chococraft:chocobo_saddle":1,"minecraft:netherite_ingot":2,"minecraft:acacia_planks":12},"minecraft:used":{"minecraft:iron_shovel":42,"croptopia:calamari":1,"minecraft:oak_sign":2,"minecraft:chest":10,"minecraft:spruce_planks":1,"livingthings:banana":1,"minecraft:cooked_salmon":5,"minecraft:player_head":2,"minecraft:dirt":214,"minecraft:shroomlight":2,"minecraft:glass":3,"minecraft:dark_oak_planks":17,"minecraft:iron_axe":452,"minecraft:stone_bricks":1,"minecraft:bamboo":2,"minecraft:golden_sword":18,"minecraft:furnace":3,"waystones:deepslate_waystone":4,"minecraft:cooked_beef":20,"minecraft:acacia_planks":4,"minecraft:cooked_mutton":9,"minecraft:water_bucket":45,"minecraft:stone_pickaxe":13,"minecraft:oak_planks":259,"minecraft:wooden_pickaxe":6,"minecraft:diamond_axe":280,"minecraft:sand":2,"minecraft:crafting_table":15,"minecraft:red_bed":11,"minecraft:blast_furnace":1,"minecraft:crossbow":1,"minecraft:cod":2,"croptopia:orange":4,"minecraft:smoker":2,"minecraft:oak_log":87,"minecraft:diamond_pickaxe":214,"minecraft:apple":18,"minecraft:diamond_shovel":2537,"minecraft:chicken":3,"minecraft:iron_pickaxe":91,"minecraft:bread":99,"minecraft:stone_axe":137,"minecraft:cobblestone":22,"travelersbackpack:standard":15,"minecraft:porkchop":1,"minecraft:smithing_table":2,"chococraft:gysahl_green":26,"minecraft:bucket":49,"minecraft:oak_boat":1},"minecraft:killed_by":{"minecraft:husk":2,"minecraft:zombie_villager":2,"minecraft:wither_skeleton":9,"minecraft:hoglin":1,"minecraft:skeleton":2},"minecraft:custom":{"minecraft:interact_with_anvil":1,"minecraft:mob_kills":72,"minecraft:interact_with_crafting_table":48,"minecraft:open_barrel":7,"minecraft:bell_ring":1,"minecraft:leave_game":10,"minecraft:time_since_death":35065,"minecraft:climb_one_cm":6993,"minecraft:sprint_one_cm":1119498,"minecraft:walk_one_cm":669508,"minecraft:drop":90,"minecraft:damage_dealt_absorbed":80,"minecraft:talked_to_villager":1,"minecraft:play_time":342357,"minecraft:deaths":20,"minecraft:sneak_time":14121,"minecraft:walk_under_water_one_cm":62697,"minecraft:boat_one_cm":130633,"minecraft:interact_with_brewingstand":1,"minecraft:jump":4959,"minecraft:interact_with_blast_furnace":1,"minecraft:total_world_time":342357,"minecraft:walk_on_water_one_cm":21061,"minecraft:interact_with_furnace":11,"minecraft:interact_with_cartography_table":1,"minecraft:tune_noteblock":1,"minecraft:sleep_in_bed":16,"minecraft:time_since_rest":1798,"minecraft:waystone_activated":6,"minecraft:damage_taken":16987,"minecraft:trigger_trapped_chest":24,"minecraft:damage_dealt":18073,"minecraft:swim_one_cm":80773,"minecraft:fly_one_cm":1029727,"minecraft:open_chest":137,"minecraft:crouch_one_cm":27473,"minecraft:interact_with_smithing_table":5,"minecraft:interact_with_smoker":3,"minecraft:fall_one_cm":206140},"minecraft:killed":{"livingthings:snail":1,"minecraft:spider":4,"minecraft:slime":1,"minecraft:phantom":2,"minecraft:skeleton":2,"livingthings:lion":1,"minecraft:chicken":5,"livingthings:shark":1,"minecraft:husk":3,"minecraft:pig":1,"livingthings:mantaray":1,"minecraft:hoglin":10,"minecraft:creeper":2,"minecraft:squid":1,"minecraft:sheep":3,"minecraft:pillager":1,"minecraft:zombie":8,"minecraft:breeze":1,"minecraft:wither_skeleton":13,"minecraft:cow":6,"chococraft:chocobo":1}},"DataVersion":3953}