{"stats":{"minecraft:mined":{"minecraft:spruce_planks":9,"minecraft:red_bed":2,"minecraft:snow_block":9,"minecraft:crafting_table":2,"minecraft:short_grass":32,"minecraft:grass_block":18,"minecraft:decorated_pot":1,"minecraft:spruce_leaves":8,"minecraft:hay_block":42,"minecraft:iron_ore":20,"minecraft:wheat":1,"minecraft:ice":94,"minecraft:spruce_log":13,"minecraft:andesite":2,"minecraft:stripped_spruce_log":1,"minecraft:oak_log":10,"minecraft:coal_ore":34,"minecraft:acacia_fence":1,"minecraft:dripstone_block":1,"minecraft:dirt":6,"minecraft:packed_ice":2,"minecraft:stone":16},"minecraft:killed_by":{"minecraft:creeper":1,"minecraft:spider":1,"minecraft:zombie":2},"minecraft:picked_up":{"minecraft:crafting_table":2,"minecraft:cooked_beef":2,"minecraft:andesite":2,"minecraft:leather":1,"minecraft:potato":1,"minecraft:oak_log":10,"minecraft:dirt":21,"minecraft:red_bed":2,"minecraft:wheat_seeds":13,"minecraft:beef":3,"minecraft:stick":10,"minecraft:raw_iron":20,"minecraft:torch":1,"minecraft:dripstone_block":1,"minecraft:porkchop":21,"minecraft:stripped_spruce_log":1,"minecraft:spruce_sapling":6,"minecraft:pointed_dripstone":2,"minecraft:spruce_log":15,"minecraft:decorated_pot":1,"minecraft:spruce_boat":4,"minecraft:hay_block":42,"minecraft:baked_potato":3,"minecraft:mutton":4,"minecraft:cobblestone":31,"minecraft:coal":34,"minecraft:snowball":44,"minecraft:white_wool":2},"minecraft:dropped":{"minecraft:bread":24,"minecraft:wheat_seeds":1,"minecraft:dirt":6,"minecraft:spruce_boat":2,"minecraft:snowball":12,"minecraft:spruce_log":2,"minecraft:spruce_sapling":6},"minecraft:killed":{"minecraft:pig":11,"minecraft:sheep":2,"minecraft:zombie":1,"minecraft:cow":2},"minecraft:crafted":{"minecraft:cooked_porkchop":17,"minecraft:crafting_table":1,"minecraft:spruce_planks":56,"minecraft:spruce_button":24,"minecraft:furnace":1,"minecraft:stone_axe":1,"minecraft:cooked_mutton":4,"minecraft:bread":51,"minecraft:air":0,"minecraft:shield":1,"minecraft:iron_axe":1,"minecraft:iron_ingot":7,"minecraft:iron_pickaxe":1,"minecraft:stone_pickaxe":1,"minecraft:wheat":153},"minecraft:used":{"minecraft:elytra":1,"minecraft:stone_pickaxe":74,"minecraft:baked_potato":3,"minecraft:shield":1,"minecraft:torch":1,"minecraft:dirt":14,"minecraft:crafting_table":3,"minecraft:red_bed":1,"minecraft:crafter":1,"minecraft:spruce_boat":1,"minecraft:firework_rocket":39,"minecraft:iron_axe":1,"minecraft:bread":5,"minecraft:stone_axe":56,"minecraft:furnace":1,"minecraft:potato":1},"minecraft:custom":{"minecraft:interact_with_furnace":4,"minecraft:mob_kills":17,"minecraft:interact_with_crafting_table":9,"minecraft:leave_game":13,"minecraft:time_since_death":46433,"minecraft:sleep_in_bed":3,"minecraft:time_since_rest":12047,"minecraft:sprint_one_cm":167790,"minecraft:damage_taken":1655,"minecraft:walk_one_cm":111698,"minecraft:damage_blocked_by_shield":378,"minecraft:drop":21,"minecraft:damage_dealt":1922,"minecraft:swim_one_cm":11919,"minecraft:talked_to_villager":10,"minecraft:fly_one_cm":231059,"minecraft:open_chest":4,"minecraft:crouch_one_cm":756,"minecraft:play_time":72238,"minecraft:deaths":6,"minecraft:sneak_time":383,"minecraft:walk_under_water_one_cm":6081,"minecraft:boat_one_cm":499605,"minecraft:aviate_one_cm":440692,"minecraft:jump":1128,"minecraft:walk_on_water_one_cm":6933,"minecraft:total_world_time":72238,"minecraft:interact_with_smoker":12,"minecraft:fall_one_cm":30631}},"DataVersion":3953}