{"stats":{"minecraft:mined":{"minecraft:spruce_planks":9,"minecraft:red_bed":2,"minecraft:snow_block":9,"minecraft:crafting_table":4,"minecraft:short_grass":40,"minecraft:emerald_ore":1,"minecraft:grass_block":18,"minecraft:decorated_pot":1,"minecraft:tall_grass":1,"minecraft:spruce_leaves":8,"minecraft:hay_block":42,"minecraft:furnace":1,"minecraft:iron_ore":45,"minecraft:wheat":1,"minecraft:ice":94,"minecraft:spruce_log":13,"minecraft:andesite":2,"minecraft:stripped_spruce_log":1,"minecraft:oak_log":10,"minecraft:coal_ore":69,"minecraft:loom":1,"minecraft:acacia_fence":1,"minecraft:gravel":3,"minecraft:dripstone_block":2,"minecraft:dirt":6,"minecraft:packed_ice":2,"minecraft:stone":24},"minecraft:killed_by":{"minecraft:creeper":2,"minecraft:spider":1,"minecraft:zombie":2},"minecraft:picked_up":{"minecraft:crafting_table":5,"minecraft:cooked_beef":2,"minecraft:andesite":4,"minecraft:leather":17,"minecraft:potato":1,"minecraft:flint":1,"minecraft:oak_log":20,"minecraft:shield":1,"minecraft:string":1,"minecraft:dirt":42,"minecraft:red_bed":3,"minecraft:iron_axe":1,"minecraft:cooked_mutton":4,"minecraft:wheat_seeds":25,"minecraft:spruce_planks":22,"minecraft:iron_ingot":10,"minecraft:beef":28,"minecraft:stone_pickaxe":1,"minecraft:iron_pickaxe":1,"minecraft:furnace":2,"minecraft:stick":10,"minecraft:raw_iron":45,"minecraft:cooked_porkchop":17,"minecraft:torch":1,"minecraft:gravel":3,"minecraft:dripstone_block":2,"minecraft:porkchop":25,"minecraft:stripped_spruce_log":1,"minecraft:spruce_sapling":6,"minecraft:pointed_dripstone":4,"minecraft:spruce_log":15,"minecraft:loom":1,"minecraft:spider_eye":1,"minecraft:rotten_flesh":2,"minecraft:stone_axe":1,"minecraft:decorated_pot":2,"minecraft:spruce_boat":5,"minecraft:hay_block":67,"minecraft:emerald":1,"minecraft:bread":8,"minecraft:baked_potato":3,"minecraft:mutton":11,"minecraft:cobblestone":66,"minecraft:coal":97,"minecraft:snowball":76,"minecraft:white_wool":8},"minecraft:dropped":{"minecraft:bread":35,"minecraft:wheat_seeds":1,"minecraft:pointed_dripstone":2,"minecraft:dirt":6,"minecraft:spruce_boat":2,"minecraft:snowball":27,"minecraft:spruce_log":2,"minecraft:iron_pickaxe":1,"minecraft:string":1,"minecraft:spruce_sapling":6},"minecraft:killed":{"minecraft:armadillo":1,"minecraft:pig":12,"minecraft:spider":1,"minecraft:sheep":6,"minecraft:zombie":2,"minecraft:cow":12},"minecraft:crafted":{"minecraft:cooked_porkchop":17,"minecraft:crafting_table":1,"minecraft:spruce_planks":56,"minecraft:spruce_button":24,"minecraft:furnace":1,"minecraft:stone_axe":1,"minecraft:cooked_mutton":4,"minecraft:bread":51,"minecraft:air":0,"minecraft:shield":1,"minecraft:iron_axe":1,"minecraft:iron_ingot":20,"minecraft:iron_pickaxe":2,"minecraft:stone_pickaxe":1,"minecraft:wheat":153},"minecraft:used":{"minecraft:cooked_mutton":4,"minecraft:elytra":1,"minecraft:stone_pickaxe":74,"minecraft:baked_potato":3,"minecraft:shield":1,"minecraft:torch":1,"minecraft:dirt":15,"minecraft:crafting_table":4,"minecraft:red_bed":1,"minecraft:crafter":1,"minecraft:dripstone_block":2,"minecraft:snowball":1,"minecraft:spruce_boat":2,"minecraft:firework_rocket":39,"minecraft:iron_axe":45,"minecraft:bread":8,"minecraft:iron_pickaxe":74,"minecraft:stone_axe":61,"minecraft:cooked_porkchop":2,"minecraft:cobblestone":2,"minecraft:furnace":1,"minecraft:potato":1},"minecraft:custom":{"minecraft:interact_with_furnace":6,"minecraft:mob_kills":35,"minecraft:interact_with_crafting_table":12,"minecraft:leave_game":13,"minecraft:time_since_death":19338,"minecraft:sleep_in_bed":3,"minecraft:time_since_rest":19386,"minecraft:sprint_one_cm":260603,"minecraft:damage_taken":2453,"minecraft:walk_one_cm":144670,"minecraft:damage_blocked_by_shield":378,"minecraft:drop":26,"minecraft:damage_dealt":3912,"minecraft:swim_one_cm":11919,"minecraft:talked_to_villager":10,"minecraft:fly_one_cm":344783,"minecraft:open_chest":5,"minecraft:crouch_one_cm":999,"minecraft:play_time":108238,"minecraft:deaths":7,"minecraft:sneak_time":587,"minecraft:walk_under_water_one_cm":6081,"minecraft:boat_one_cm":528256,"minecraft:aviate_one_cm":440692,"minecraft:jump":1764,"minecraft:walk_on_water_one_cm":6933,"minecraft:total_world_time":108238,"minecraft:interact_with_smoker":12,"minecraft:fall_one_cm":56136}},"DataVersion":3953}