{"stats":{"minecraft:mined":{"minecraft:spruce_planks":9,"minecraft:red_bed":1,"minecraft:snow_block":9,"minecraft:ice":94,"minecraft:spruce_log":13,"minecraft:stripped_spruce_log":1,"minecraft:crafting_table":1,"minecraft:short_grass":26,"minecraft:grass_block":17,"minecraft:oak_log":5,"minecraft:dirt":6,"minecraft:packed_ice":2,"minecraft:spruce_leaves":8,"minecraft:stone":16},"minecraft:killed_by":{"minecraft:creeper":1,"minecraft:spider":1,"minecraft:zombie":2},"minecraft:dropped":{"minecraft:dirt":6,"minecraft:spruce_boat":2,"minecraft:wheat_seeds":1,"minecraft:snowball":12,"minecraft:spruce_log":2,"minecraft:spruce_sapling":6},"minecraft:picked_up":{"minecraft:stick":7,"minecraft:crafting_table":1,"minecraft:cooked_beef":2,"minecraft:torch":1,"minecraft:potato":1,"minecraft:porkchop":17,"minecraft:oak_log":5,"minecraft:stripped_spruce_log":1,"minecraft:spruce_sapling":6,"minecraft:spruce_log":15,"minecraft:red_bed":1,"minecraft:dirt":20,"minecraft:spruce_boat":4,"minecraft:wheat_seeds":1,"minecraft:baked_potato":3,"minecraft:snowball":44,"minecraft:cobblestone":30},"minecraft:killed":{"minecraft:pig":9},"minecraft:crafted":{"minecraft:crafting_table":1,"minecraft:spruce_planks":56,"minecraft:spruce_button":24,"minecraft:stone_pickaxe":1,"minecraft:stone_axe":1},"minecraft:used":{"minecraft:spruce_boat":1,"minecraft:firework_rocket":39,"minecraft:stone_pickaxe":16,"minecraft:baked_potato":3,"minecraft:elytra":1,"minecraft:stone_axe":29,"minecraft:dirt":14,"minecraft:crafting_table":1,"minecraft:crafter":1,"minecraft:potato":1},"minecraft:custom":{"minecraft:time_since_rest":28674,"minecraft:sprint_one_cm":101676,"minecraft:damage_taken":1415,"minecraft:walk_one_cm":72922,"minecraft:mob_kills":9,"minecraft:drop":19,"minecraft:damage_dealt":929,"minecraft:swim_one_cm":11523,"minecraft:interact_with_crafting_table":2,"minecraft:fly_one_cm":184567,"minecraft:open_chest":2,"minecraft:crouch_one_cm":78,"minecraft:play_time":54238,"minecraft:deaths":6,"minecraft:sneak_time":64,"minecraft:walk_under_water_one_cm":6069,"minecraft:boat_one_cm":499605,"minecraft:aviate_one_cm":440692,"minecraft:jump":716,"minecraft:leave_game":13,"minecraft:walk_on_water_one_cm":2819,"minecraft:time_since_death":28433,"minecraft:total_world_time":54238,"minecraft:fall_one_cm":18224}},"DataVersion":3953}