{"stats":{"minecraft:mined":{"croptopia:pepper_crop":1,"croptopia:orange_crop":4,"minecraft:red_bed":1,"minecraft:crafting_table":5,"minecraft:short_grass":11,"minecraft:blast_furnace":1,"minecraft:grass_block":5,"minecraft:decorated_pot":3,"minecraft:cobblestone":1,"minecraft:spruce_leaves":2,"minecraft:oak_planks":1,"minecraft:hay_block":23,"minecraft:furnace":1,"minecraft:wheat":153,"minecraft:spruce_log":5,"chococraft:gysahl_green":7,"minecraft:oak_log":26,"minecraft:dirt":9,"minecraft:stone":24,"minecraft:oak_leaves":6,"minecraft:fern":1},"minecraft:dropped":{"minecraft:furnace":1,"minecraft:wheat_seeds":65,"minecraft:porkchop":1,"minecraft:decorated_pot":3,"chococraft:gysahl_green_seeds":5,"minecraft:oak_sign":2,"minecraft:oak_boat":1,"minecraft:oak_sapling":2,"livingthings:lion":2,"croptopia:pepper_seed":1},"minecraft:broken":{"minecraft:stone_axe":1},"minecraft:picked_up":{"livingthings:lion":2,"minecraft:crafting_table":5,"minecraft:wheat":64,"minecraft:feather":9,"minecraft:chicken":5,"minecraft:leather":4,"minecraft:oak_log":26,"waystones:deepslate_waystone":1,"minecraft:red_bed":1,"minecraft:dirt":13,"minecraft:string":2,"chococraft:chocobo_feather":2,"chococraft:gysahl_green":32,"minecraft:oak_sign":2,"minecraft:wheat_seeds":126,"minecraft:beef":5,"minecraft:oak_boat":3,"croptopia:pepper_seed":2,"minecraft:iron_pickaxe":1,"minecraft:oak_planks":4,"minecraft:furnace":1,"minecraft:porkchop":1,"chococraft:gysahl_green_seeds":5,"minecraft:blast_furnace":1,"minecraft:spruce_log":5,"minecraft:decorated_pot":3,"waystones:waystone":3,"minecraft:hay_block":23,"croptopia:orange":3,"minecraft:breeze_rod":1,"croptopia:pepper":1,"chococraft:chocobo_drumstick_raw":1,"minecraft:oak_sapling":4,"minecraft:cod":2,"minecraft:cobblestone":24},"minecraft:used":{"minecraft:stone_pickaxe":13,"minecraft:oak_sign":2,"minecraft:wooden_pickaxe":6,"minecraft:cooked_salmon":5,"minecraft:dirt":5,"minecraft:crafting_table":7,"minecraft:cod":2,"croptopia:orange":3,"minecraft:oak_log":8,"minecraft:chicken":3,"minecraft:bread":14,"minecraft:iron_pickaxe":15,"minecraft:stone_axe":103,"minecraft:furnace":1,"chococraft:gysahl_green":26,"minecraft:oak_boat":1,"minecraft:cooked_beef":2},"minecraft:crafted":{"minecraft:cooked_beef":3,"minecraft:oak_planks":24,"minecraft:crafting_table":3,"minecraft:wooden_pickaxe":1,"minecraft:furnace":1,"minecraft:stone_axe":2,"minecraft:air":0,"minecraft:stick":16,"minecraft:iron_pickaxe":1,"minecraft:stone_pickaxe":1,"chococraft:chocobo_saddle":1},"minecraft:killed":{"minecraft:pig":1,"minecraft:spider":1,"minecraft:pillager":1,"livingthings:lion":1,"minecraft:chicken":5,"minecraft:breeze":1,"livingthings:shark":1,"chococraft:chocobo":1,"minecraft:cow":3},"minecraft:killed_by":{"minecraft:husk":1,"minecraft:zombie_villager":2},"minecraft:custom":{"minecraft:interact_with_furnace":4,"minecraft:mob_kills":15,"minecraft:interact_with_crafting_table":12,"minecraft:interact_with_cartography_table":1,"minecraft:tune_noteblock":1,"minecraft:bell_ring":1,"minecraft:leave_game":5,"minecraft:time_since_death":13275,"minecraft:sleep_in_bed":1,"minecraft:climb_one_cm":2092,"minecraft:time_since_rest":13306,"minecraft:waystone_activated":1,"minecraft:sprint_one_cm":280930,"minecraft:damage_taken":2260,"minecraft:walk_one_cm":73517,"minecraft:drop":12,"minecraft:damage_dealt":2707,"minecraft:swim_one_cm":22953,"minecraft:talked_to_villager":1,"minecraft:fly_one_cm":290704,"minecraft:open_chest":13,"minecraft:play_time":80573,"minecraft:crouch_one_cm":1615,"minecraft:deaths":3,"minecraft:sneak_time":1208,"minecraft:walk_under_water_one_cm":1619,"minecraft:boat_one_cm":130633,"minecraft:jump":1157,"minecraft:walk_on_water_one_cm":2772,"minecraft:total_world_time":80573,"minecraft:fall_one_cm":27870}},"DataVersion":3953}