{"stats":{"minecraft:picked_up":{"minecraft:spruce_log":5,"minecraft:dirt":2},"minecraft:used":{"minecraft:dirt":2},"minecraft:killed":{"minecraft:zombie":1},"minecraft:mined":{"minecraft:grass_block":1,"minecraft:spruce_log":5,"minecraft:dirt":1},"minecraft:custom":{"minecraft:jump":65,"minecraft:time_since_rest":2698,"minecraft:damage_dealt":217,"minecraft:crouch_one_cm":289,"minecraft:sprint_one_cm":8082,"minecraft:play_time":2698,"minecraft:damage_taken":150,"minecraft:time_since_death":2698,"minecraft:walk_one_cm":6329,"minecraft:sneak_time":275,"minecraft:total_world_time":2698,"minecraft:mob_kills":1,"minecraft:fall_one_cm":627,"minecraft:fly_one_cm":8557}},"DataVersion":3953}