{"stats":{"minecraft:mined":{"croptopia:bellpepper_crop":1,"croptopia:pepper_crop":1,"minecraft:white_bed":1,"croptopia:orange_crop":8,"croptopia:mustard_crop":1,"minecraft:dandelion":1,"croptopia:sweetpotato_crop":1,"minecraft:crafting_table":1,"croptopia:oat_crop":2,"minecraft:short_grass":17,"minecraft:grass_block":3,"minecraft:tall_grass":2,"minecraft:spruce_leaves":10,"minecraft:oak_wall_sign":1,"minecraft:wheat":14,"minecraft:sweet_berry_bush":1,"croptopia:corn_crop":1,"croptopia:peach_crop":8,"chococraft:gysahl_green":70,"minecraft:coal_ore":18,"minecraft:oak_log":33,"minecraft:dirt":2,"minecraft:stone":15,"minecraft:oak_leaves":2},"minecraft:dropped":{"croptopia:sweetpotato":1,"minecraft:oak_boat":2,"minecraft:oak_sapling":1,"croptopia:pepper_seed":1,"croptopia:mustard_seed":1,"minecraft:white_wool":1,"chococraft:gysahl_green":13,"minecraft:black_wool":1,"minecraft:egg":1},"minecraft:picked_up":{"chococraft:loverly_gysahl_green":10,"minecraft:crafting_table":1,"minecraft:iron_chestplate":1,"minecraft:feather":3,"minecraft:chicken":2,"croptopia:peach":6,"croptopia:sweetpotato_seed":2,"minecraft:leather":4,"minecraft:pink_wool":1,"minecraft:oak_log":32,"minecraft:string":1,"minecraft:dirt":6,"chococraft:chocobo_feather":2,"croptopia:bellpepper_seed":2,"minecraft:bone":1,"croptopia:corn":1,"chococraft:gysahl_green":194,"croptopia:sweetpotato":1,"chococraft:gold_gysahl":3,"minecraft:wheat_seeds":63,"croptopia:bellpepper":1,"minecraft:beef":10,"minecraft:oak_boat":1,"croptopia:pepper_seed":1,"minecraft:light_gray_wool":1,"croptopia:mustard_seed":1,"minecraft:egg":2,"minecraft:stick":1,"croptopia:corn_seed":2,"minecraft:sweet_berries":2,"croptopia:mustard":1,"chococraft:gysahl_green_seeds":69,"croptopia:oat":2,"minecraft:white_bed":1,"minecraft:rotten_flesh":4,"croptopia:orange":8,"minecraft:gray_wool":1,"croptopia:pepper":1,"minecraft:oak_sapling":1,"minecraft:black_wool":1,"minecraft:mutton":21,"minecraft:coal":18,"minecraft:white_wool":9,"minecraft:cobblestone":12,"minecraft:oxeye_daisy":4},"minecraft:crafted":{"minecraft:oak_planks":128,"minecraft:stone_shovel":1,"minecraft:crafting_table":3,"minecraft:wooden_pickaxe":1,"minecraft:stone_axe":1,"minecraft:oak_boat":2,"minecraft:stick":24,"minecraft:stone_pickaxe":1,"minecraft:stone_sword":1,"minecraft:white_bed":1},"minecraft:used":{"minecraft:stone_sword":107,"minecraft:stone_shovel":1,"minecraft:stone_pickaxe":21,"minecraft:oak_planks":28,"minecraft:wooden_pickaxe":12,"minecraft:quartz_stairs":57,"minecraft:dirt":2,"minecraft:crafting_table":3,"minecraft:white_bed":1,"minecraft:birch_fence":36,"minecraft:sea_lantern":13,"minecraft:cherry_hanging_sign":2,"minecraft:oxeye_daisy":1,"minecraft:birch_fence_gate":1,"minecraft:quartz_block":119,"minecraft:birch_hanging_sign":10,"minecraft:stone_axe":102,"minecraft:glowstone":6,"minecraft:cobblestone":17,"chococraft:gysahl_green":23,"minecraft:egg":1,"minecraft:cooked_beef":4},"minecraft:killed":{"minecraft:husk":3,"minecraft:spider":1,"minecraft:sheep":13,"minecraft:skeleton":2,"minecraft:chicken":2,"minecraft:cow":4},"minecraft:custom":{"minecraft:mob_kills":25,"minecraft:interact_with_crafting_table":7,"minecraft:time_since_death":32161,"minecraft:sleep_in_bed":1,"minecraft:time_since_rest":6001,"minecraft:sprint_one_cm":144701,"minecraft:damage_taken":410,"minecraft:walk_one_cm":160628,"minecraft:drop":22,"minecraft:damage_dealt":3153,"minecraft:fly_one_cm":309946,"minecraft:crouch_one_cm":1760,"minecraft:play_time":71798,"minecraft:deaths":3,"minecraft:sneak_time":1251,"minecraft:walk_under_water_one_cm":310,"minecraft:boat_one_cm":131629,"minecraft:jump":718,"minecraft:walk_on_water_one_cm":728,"minecraft:total_world_time":71798,"minecraft:fall_one_cm":16571}},"DataVersion":3953}