{"stats":{"minecraft:mined":{"croptopia:bellpepper_crop":1,"croptopia:pepper_crop":1,"minecraft:white_bed":6,"minecraft:farmland":3,"croptopia:orange_crop":8,"minecraft:oak_door":2,"minecraft:cobblestone_stairs":4,"croptopia:mustard_crop":1,"minecraft:granite":2,"minecraft:grass_block":182,"minecraft:calibrated_sculk_sensor":1,"minecraft:spruce_leaves":10,"minecraft:oak_wall_sign":1,"croptopia:corn_crop":2,"minecraft:andesite":8,"croptopia:peach_crop":8,"chococraft:gysahl_green":70,"minecraft:stone":378,"minecraft:oxidized_copper_bulb":1,"minecraft:dandelion":1,"croptopia:sweetpotato_crop":1,"minecraft:oak_fence":3,"minecraft:crafting_table":3,"minecraft:short_grass":45,"croptopia:oat_crop":2,"minecraft:poppy":12,"minecraft:chest":2,"minecraft:glass":34,"minecraft:tall_grass":3,"minecraft:cobblestone":15,"minecraft:sugar_cane":6,"minecraft:oak_planks":72,"minecraft:wall_torch":3,"minecraft:sweet_berry_bush":1,"minecraft:wheat":14,"minecraft:oak_log":182,"minecraft:coal_ore":29,"minecraft:sand":81,"minecraft:dirt":41,"minecraft:oak_leaves":12,"minecraft:fern":1},"minecraft:dropped":{"minecraft:water_bucket":1,"minecraft:wheat_seeds":64,"chococraft:gold_gysahl":2,"croptopia:sweetpotato":1,"minecraft:gray_wool":1,"croptopia:mustard_seed":1,"minecraft:string":1,"minecraft:white_wool":1,"minecraft:stone_axe":1,"chococraft:chocobo_feather":2,"minecraft:rotten_flesh":1,"minecraft:light_gray_wool":1,"minecraft:oak_boat":2,"minecraft:oak_sapling":1,"minecraft:stone_pickaxe":1,"croptopia:pepper_seed":1,"croptopia:mustard":2,"chococraft:gysahl_green":13,"minecraft:black_wool":1,"minecraft:egg":1},"minecraft:broken":{"minecraft:iron_shovel":1,"minecraft:iron_pickaxe":1},"minecraft:picked_up":{"minecraft:iron_chestplate":1,"minecraft:crafting_table":3,"chococraft:loverly_gysahl_green":10,"minecraft:chicken":2,"croptopia:peach":6,"croptopia:sweetpotato_seed":2,"minecraft:pink_wool":1,"waystones:deepslate_waystone":1,"minecraft:string":2,"croptopia:bellpepper_seed":2,"minecraft:beef":10,"minecraft:oak_boat":2,"croptopia:pepper_seed":1,"minecraft:poppy":19,"minecraft:light_gray_wool":1,"croptopia:mustard_seed":1,"minecraft:sugar_cane":10,"minecraft:chest":2,"minecraft:egg":2,"minecraft:stick":12,"croptopia:corn_seed":2,"minecraft:oak_door":2,"minecraft:oak_fence":3,"minecraft:torch":3,"minecraft:rotten_flesh":6,"croptopia:pepper":1,"minecraft:mutton":24,"minecraft:white_wool":11,"minecraft:cobblestone":381,"minecraft:oxeye_daisy":4,"minecraft:feather":3,"minecraft:water_bucket":1,"minecraft:andesite":8,"minecraft:leather":4,"minecraft:oxidized_copper_bulb":1,"minecraft:oak_log":178,"minecraft:cobblestone_stairs":4,"minecraft:dirt":190,"chococraft:chocobo_feather":2,"minecraft:bone":3,"croptopia:corn":1,"chococraft:gysahl_green":194,"minecraft:apple":1,"croptopia:sweetpotato":1,"chococraft:gold_gysahl":5,"minecraft:wheat_seeds":142,"croptopia:bellpepper":1,"minecraft:iron_ingot":56,"minecraft:oak_planks":84,"minecraft:sweet_berries":2,"croptopia:mustard":2,"minecraft:sand":80,"chococraft:gysahl_green_seeds":69,"croptopia:oat":2,"minecraft:white_bed":6,"croptopia:orange":8,"minecraft:granite":2,"minecraft:gray_wool":1,"minecraft:oak_sapling":4,"minecraft:black_wool":1,"minecraft:coal":29},"minecraft:crafted":{"minecraft:oak_door":3,"minecraft:oak_planks":548,"minecraft:stone_shovel":1,"minecraft:furnace":2,"minecraft:cobblestone_stairs":148,"minecraft:cooked_mutton":24,"minecraft:glass":74,"minecraft:iron_axe":1,"minecraft:iron_hoe":1,"minecraft:stone_pickaxe":1,"minecraft:chest":4,"minecraft:oak_fence":45,"minecraft:red_dye":7,"minecraft:crafting_table":3,"minecraft:wooden_pickaxe":1,"minecraft:iron_sword":1,"minecraft:red_bed":2,"minecraft:bucket":2,"minecraft:stone_axe":1,"minecraft:oak_fence_gate":2,"minecraft:oak_boat":3,"minecraft:stick":168,"minecraft:iron_ingot":8,"minecraft:iron_pickaxe":2,"minecraft:oak_stairs":12,"minecraft:stone_sword":1,"minecraft:iron_shovel":2,"minecraft:white_bed":2,"minecraft:torch":64},"minecraft:used":{"minecraft:oak_fence":44,"minecraft:stone_sword":107,"minecraft:iron_shovel":295,"croptopia:bellpepper_seed":2,"minecraft:stone_shovel":1,"minecraft:chest":6,"minecraft:iron_sword":13,"minecraft:quartz_stairs":57,"minecraft:oak_door":4,"minecraft:torch":23,"minecraft:dirt":170,"minecraft:oak_fence_gate":1,"minecraft:iron_hoe":72,"minecraft:glass":72,"minecraft:sea_lantern":13,"minecraft:iron_axe":237,"minecraft:oak_stairs":6,"minecraft:birch_hanging_sign":10,"minecraft:quartz_block":119,"minecraft:glowstone":6,"minecraft:furnace":2,"minecraft:egg":1,"minecraft:cooked_beef":9,"waystones:deepslate_waystone":1,"minecraft:wheat_seeds":43,"minecraft:cooked_mutton":3,"croptopia:sweetpotato_seed":2,"minecraft:water_bucket":34,"minecraft:cobblestone_stairs":144,"minecraft:stone_pickaxe":21,"minecraft:oak_planks":232,"minecraft:wooden_pickaxe":12,"croptopia:corn_seed":2,"minecraft:sugar_cane":9,"minecraft:sand":6,"minecraft:crafting_table":5,"minecraft:red_bed":2,"minecraft:white_bed":6,"minecraft:birch_fence":36,"minecraft:oxidized_copper_bulb":1,"minecraft:oak_log":41,"minecraft:cherry_hanging_sign":2,"minecraft:oxeye_daisy":1,"minecraft:birch_fence_gate":1,"chococraft:gysahl_green_seeds":18,"minecraft:iron_pickaxe":408,"minecraft:stone_axe":115,"minecraft:cobblestone":140,"minecraft:bucket":36,"chococraft:gysahl_green":23,"minecraft:oak_boat":1},"minecraft:killed":{"minecraft:spider":1,"minecraft:skeleton":2,"minecraft:chicken":2,"minecraft:husk":3,"minecraft:zombie_villager":1,"minecraft:sheep":15,"minecraft:zombie":2,"minecraft:cow":4},"minecraft:killed_by":{"minecraft:zombie_villager":1},"minecraft:custom":{"minecraft:mob_kills":30,"minecraft:interact_with_crafting_table":36,"minecraft:time_since_death":97203,"minecraft:sprint_one_cm":306477,"minecraft:walk_one_cm":445355,"minecraft:drop":34,"minecraft:play_time":179798,"minecraft:deaths":4,"minecraft:sneak_time":4541,"minecraft:walk_under_water_one_cm":4178,"minecraft:boat_one_cm":171900,"minecraft:jump":1629,"minecraft:walk_on_water_one_cm":10032,"minecraft:total_world_time":179798,"minecraft:interact_with_furnace":32,"minecraft:sleep_in_bed":9,"minecraft:time_since_rest":11702,"minecraft:waystone_activated":2,"minecraft:damage_taken":1060,"minecraft:damage_dealt":3842,"minecraft:swim_one_cm":11787,"minecraft:fly_one_cm":472770,"minecraft:open_chest":42,"minecraft:crouch_one_cm":9942,"minecraft:fall_one_cm":32878}},"DataVersion":3953}