{"stats":{"minecraft:picked_up":{"minecraft:crafting_table":3,"minecraft:leather":5,"minecraft:spruce_sapling":1,"minecraft:spruce_log":17,"minecraft:dirt":21,"minecraft:spider_eye":1,"minecraft:rabbit_foot":1,"minecraft:spruce_planks":3,"minecraft:beef":6,"minecraft:rabbit":2,"minecraft:coal":13,"minecraft:cobblestone":49,"minecraft:furnace":1},"minecraft:used":{"minecraft:wooden_axe":10,"minecraft:stone_sword":13,"minecraft:stone_shovel":17,"minecraft:stone_pickaxe":30,"minecraft:wooden_pickaxe":33,"minecraft:stone_axe":1,"minecraft:dirt":2,"minecraft:crafting_table":3,"minecraft:furnace":2,"minecraft:cooked_rabbit":1},"minecraft:killed_by":{"minecraft:stray":1},"minecraft:killed":{"minecraft:zombie":1,"minecraft:rabbit":3,"minecraft:cow":4},"minecraft:crafted":{"minecraft:stone_shovel":1,"minecraft:crafting_table":2,"minecraft:spruce_planks":48,"minecraft:stick":20,"minecraft:wooden_pickaxe":1,"minecraft:stone_pickaxe":1,"minecraft:wooden_axe":1,"minecraft:stone_sword":1,"minecraft:furnace":1,"minecraft:stone_hoe":1,"minecraft:stone_axe":1,"minecraft:cooked_rabbit":1},"minecraft:mined":{"minecraft:furnace":1,"minecraft:spruce_log":17,"minecraft:crafting_table":3,"minecraft:grass_block":6,"minecraft:coal_ore":13,"minecraft:dirt":16,"minecraft:spruce_leaves":1,"minecraft:stone":49},"minecraft:custom":{"minecraft:time_since_rest":23045,"minecraft:sprint_one_cm":55700,"minecraft:interact_with_furnace":7,"minecraft:damage_taken":375,"minecraft:walk_one_cm":52438,"minecraft:mob_kills":9,"minecraft:damage_dealt":723,"minecraft:talked_to_villager":2,"minecraft:interact_with_crafting_table":6,"minecraft:fly_one_cm":73512,"minecraft:crouch_one_cm":923,"minecraft:play_time":26349,"minecraft:deaths":1,"minecraft:sneak_time":553,"minecraft:jump":388,"minecraft:interact_with_stonecutter":1,"minecraft:leave_game":1,"minecraft:time_since_death":22969,"minecraft:total_world_time":26349,"minecraft:fall_one_cm":6667}},"DataVersion":3953}