{"stats":{"minecraft:mined":{"minecraft:dark_prismarine":9,"croptopia:bellpepper_crop":1,"croptopia:pepper_crop":1,"minecraft:white_bed":6,"minecraft:farmland":3,"croptopia:orange_crop":8,"minecraft:candle":6,"minecraft:oak_door":2,"minecraft:cobblestone_stairs":5,"croptopia:mustard_crop":1,"minecraft:granite":2,"minecraft:grass_block":193,"minecraft:jungle_planks":4,"minecraft:jungle_log":41,"minecraft:calibrated_sculk_sensor":1,"minecraft:spruce_leaves":10,"minecraft:blue_wool":9,"minecraft:oak_wall_sign":1,"minecraft:spawner":2,"minecraft:large_fern":2,"minecraft:furnace":1,"minecraft:barrel":1,"minecraft:acacia_wood":1,"croptopia:corn_crop":2,"minecraft:acacia_stairs":1,"minecraft:andesite":8,"croptopia:peach_crop":8,"minecraft:dark_oak_stairs":1,"minecraft:bell":1,"minecraft:bookshelf":4,"chococraft:gysahl_green":70,"minecraft:shroomlight":1,"minecraft:vine":4,"minecraft:spruce_wood":2,"minecraft:oxidized_copper_bulb":2,"minecraft:stone":378,"minecraft:player_head":3,"minecraft:white_wool":12,"minecraft:red_wool":9,"minecraft:cyan_terracotta":1,"minecraft:red_bed":6,"minecraft:smoker":2,"minecraft:dandelion":1,"croptopia:sweetpotato_crop":1,"minecraft:oak_fence":12,"minecraft:crafting_table":3,"croptopia:oat_crop":2,"minecraft:short_grass":52,"minecraft:poppy":14,"minecraft:chest":2,"minecraft:campfire":2,"minecraft:glass":34,"minecraft:tall_grass":3,"minecraft:cobblestone":15,"minecraft:sugar_cane":6,"minecraft:oak_planks":91,"minecraft:wall_torch":3,"minecraft:birch_planks":15,"minecraft:birch_log":14,"minecraft:wheat":14,"minecraft:sweet_berry_bush":1,"minecraft:oak_log":204,"minecraft:coal_ore":29,"minecraft:sand":98,"minecraft:dirt":45,"minecraft:oak_leaves":13,"minecraft:birch_fence":1,"minecraft:fern":1},"minecraft:dropped":{"minecraft:water_bucket":1,"minecraft:wheat_seeds":66,"minecraft:cooked_beef":17,"chococraft:gold_gysahl":2,"croptopia:sweetpotato":1,"minecraft:gray_wool":1,"minecraft:iron_leggings":1,"croptopia:mustard_seed":1,"minecraft:string":1,"minecraft:white_wool":1,"minecraft:stone_axe":1,"chococraft:chocobo_feather":2,"minecraft:rotten_flesh":1,"minecraft:light_gray_wool":1,"minecraft:cooked_mutton":4,"minecraft:poppy":2,"minecraft:oak_boat":2,"minecraft:oak_sapling":1,"minecraft:stone_pickaxe":1,"croptopia:pepper_seed":1,"croptopia:mustard":2,"chococraft:gysahl_green":13,"croptopia:frying_pan":1,"minecraft:black_wool":1,"minecraft:egg":1},"minecraft:broken":{"minecraft:iron_shovel":1,"minecraft:iron_axe":1,"minecraft:iron_pickaxe":1},"minecraft:picked_up":{"minecraft:crafting_table":3,"minecraft:iron_chestplate":1,"chococraft:loverly_gysahl_green":10,"minecraft:brown_mushroom":4,"minecraft:ominous_bottle":1,"minecraft:chicken":7,"croptopia:peach":6,"croptopia:sweetpotato_seed":2,"minecraft:lead":4,"minecraft:pink_wool":1,"croptopia:calamari":1,"waystones:deepslate_waystone":2,"minecraft:string":2,"minecraft:red_bed":6,"croptopia:bellpepper_seed":2,"minecraft:birch_fence":1,"minecraft:candle":17,"minecraft:beef":10,"minecraft:player_head":3,"minecraft:oak_boat":2,"croptopia:pepper_seed":1,"minecraft:spruce_slab":1,"minecraft:poppy":23,"minecraft:light_gray_wool":1,"croptopia:mustard_seed":1,"minecraft:sugar_cane":10,"minecraft:chest":2,"minecraft:phantom_membrane":1,"minecraft:furnace":1,"minecraft:egg":4,"minecraft:blue_wool":8,"minecraft:stick":12,"croptopia:corn_seed":2,"minecraft:oak_door":2,"minecraft:oak_fence":12,"minecraft:torch":3,"minecraft:porkchop":10,"minecraft:dark_oak_planks":6,"minecraft:rotten_flesh":16,"croptopia:pepper":1,"minecraft:mutton":29,"minecraft:white_wool":23,"minecraft:cobblestone":381,"minecraft:oxeye_daisy":4,"minecraft:birch_log":14,"minecraft:feather":5,"minecraft:jungle_log":38,"minecraft:water_bucket":1,"minecraft:andesite":8,"minecraft:smoker":2,"minecraft:leather":6,"minecraft:acacia_wood":1,"minecraft:red_mushroom":1,"minecraft:oxidized_copper_bulb":2,"minecraft:birch_planks":15,"minecraft:oak_log":198,"minecraft:cobblestone_stairs":5,"minecraft:dirt":220,"minecraft:white_banner":1,"chococraft:chocobo_feather":2,"minecraft:glass":7,"minecraft:bone":18,"croptopia:corn":1,"chococraft:gysahl_green":194,"minecraft:apple":1,"minecraft:bell":1,"croptopia:sweetpotato":1,"chococraft:gold_gysahl":5,"minecraft:wheat_seeds":144,"minecraft:spruce_wood":2,"croptopia:bellpepper":1,"minecraft:iron_ingot":56,"minecraft:oak_planks":123,"minecraft:dark_oak_stairs":1,"minecraft:book":12,"minecraft:sweet_berries":2,"minecraft:red_wool":7,"croptopia:mustard":2,"minecraft:jungle_planks":4,"minecraft:sand":97,"chococraft:gysahl_green_seeds":69,"croptopia:oat":2,"minecraft:ink_sac":1,"minecraft:white_bed":6,"minecraft:acacia_stairs":1,"minecraft:barrel":1,"minecraft:dark_prismarine":9,"croptopia:orange":8,"minecraft:granite":2,"croptopia:frying_pan":1,"minecraft:gray_wool":3,"minecraft:light_gray_carpet":2,"minecraft:oak_sapling":4,"minecraft:black_wool":1,"minecraft:coal":35,"minecraft:charcoal":6,"minecraft:diamond_pickaxe":1},"minecraft:crafted":{"minecraft:black_dye":1,"minecraft:oak_door":3,"minecraft:oak_planks":628,"minecraft:stone_shovel":1,"handcrafted:oak_fancy_bed":2,"handcrafted:birch_bench":2,"minecraft:birch_slab":6,"minecraft:furnace":2,"minecraft:cobblestone_stairs":148,"handcrafted:red_cushion":16,"minecraft:cooked_mutton":24,"minecraft:glass":76,"minecraft:iron_boots":1,"cookingforblockheads:white_oven":1,"minecraft:iron_axe":2,"minecraft:iron_hoe":1,"minecraft:stone_pickaxe":1,"minecraft:chest":5,"croptopia:cooked_calamari":1,"minecraft:oak_fence":45,"croptopia:frying_pan":1,"minecraft:cooked_beef":10,"minecraft:red_dye":18,"minecraft:cooked_porkchop":4,"minecraft:crafting_table":4,"minecraft:iron_helmet":1,"minecraft:wooden_pickaxe":1,"minecraft:iron_sword":1,"minecraft:red_bed":2,"minecraft:red_wool":9,"minecraft:birch_planks":56,"minecraft:bucket":2,"minecraft:stone_axe":1,"minecraft:jungle_planks":152,"minecraft:black_stained_glass":8,"minecraft:oak_fence_gate":2,"minecraft:oak_boat":3,"minecraft:iron_chestplate":1,"minecraft:shield":1,"minecraft:birch_fence":6,"minecraft:stick":168,"minecraft:iron_ingot":32,"handcrafted:red_sheet":8,"minecraft:iron_pickaxe":2,"minecraft:oak_stairs":12,"minecraft:stone_sword":1,"minecraft:iron_shovel":2,"minecraft:iron_leggings":1,"minecraft:white_bed":2,"minecraft:torch":64},"minecraft:used":{"minecraft:oak_fence":48,"minecraft:iron_shovel":327,"minecraft:stone_sword":107,"croptopia:bellpepper_seed":2,"minecraft:stone_shovel":1,"minecraft:poppy":3,"minecraft:shield":2,"minecraft:chest":7,"minecraft:iron_sword":178,"minecraft:quartz_stairs":57,"minecraft:oak_door":4,"minecraft:torch":62,"minecraft:dirt":177,"minecraft:jungle_planks":156,"minecraft:oak_fence_gate":1,"minecraft:glass":72,"minecraft:iron_hoe":72,"minecraft:dark_oak_planks":6,"minecraft:sea_lantern":13,"minecraft:iron_axe":437,"minecraft:oak_stairs":6,"minecraft:birch_hanging_sign":10,"minecraft:quartz_block":119,"minecraft:glowstone":6,"minecraft:black_stained_glass":2,"minecraft:furnace":2,"minecraft:egg":1,"minecraft:cooked_beef":19,"waystones:deepslate_waystone":2,"minecraft:wheat_seeds":43,"minecraft:cooked_mutton":13,"minecraft:water_bucket":51,"croptopia:sweetpotato_seed":2,"minecraft:cobblestone_stairs":153,"minecraft:birch_planks":37,"minecraft:stone_pickaxe":21,"minecraft:oak_planks":319,"handcrafted:birch_bench":1,"minecraft:wooden_pickaxe":12,"croptopia:corn_seed":2,"minecraft:sugar_cane":9,"minecraft:sand":6,"minecraft:crafting_table":6,"minecraft:red_bed":5,"minecraft:white_bed":6,"minecraft:oxidized_copper_bulb":2,"minecraft:birch_fence":43,"minecraft:oak_log":41,"minecraft:diamond_pickaxe":19,"minecraft:cherry_hanging_sign":2,"minecraft:oxeye_daisy":1,"minecraft:birch_fence_gate":1,"chococraft:gysahl_green_seeds":18,"minecraft:iron_pickaxe":412,"minecraft:stone_axe":115,"minecraft:cobblestone":148,"handcrafted:oak_fancy_bed":2,"minecraft:white_banner":1,"minecraft:bucket":53,"cookingforblockheads:white_oven":1,"chococraft:gysahl_green":23,"minecraft:oak_boat":1,"minecraft:candle":17},"minecraft:killed":{"minecraft:spider":1,"minecraft:phantom":1,"minecraft:skeleton":2,"minecraft:chicken":7,"minecraft:husk":3,"minecraft:pig":2,"minecraft:zombie_villager":1,"minecraft:hoglin":1,"minecraft:squid":1,"minecraft:sheep":19,"minecraft:pillager":2,"minecraft:zombie":8,"minecraft:wither_skeleton":8,"minecraft:cow":4},"minecraft:killed_by":{"minecraft:zombie_villager":1,"minecraft:wither_skeleton":4,"minecraft:hoglin":2,"minecraft:phantom":1},"minecraft:custom":{"minecraft:mob_kills":61,"minecraft:interact_with_crafting_table":64,"minecraft:open_barrel":1,"minecraft:leave_game":1,"minecraft:time_since_death":30458,"minecraft:climb_one_cm":24,"minecraft:damage_blocked_by_shield":65,"minecraft:sprint_one_cm":551844,"minecraft:walk_one_cm":702450,"minecraft:drop":60,"minecraft:talked_to_villager":5,"minecraft:play_time":299648,"minecraft:deaths":17,"minecraft:sneak_time":12388,"minecraft:walk_under_water_one_cm":46921,"minecraft:boat_one_cm":171900,"minecraft:jump":2818,"minecraft:walk_on_water_one_cm":28736,"minecraft:total_world_time":299648,"minecraft:interact_with_furnace":41,"minecraft:sleep_in_bed":18,"minecraft:time_since_rest":352,"minecraft:waystone_activated":3,"minecraft:damage_taken":10600,"minecraft:damage_dealt":10454,"minecraft:swim_one_cm":43862,"minecraft:fly_one_cm":720476,"minecraft:open_chest":83,"minecraft:crouch_one_cm":22726,"minecraft:fall_one_cm":132042}},"DataVersion":3953}