{"stats":{"minecraft:mined":{"croptopia:bellpepper_crop":3,"croptopia:pepper_crop":1,"minecraft:white_bed":6,"minecraft:farmland":3,"minecraft:cobblestone_stairs":5,"croptopia:mustard_crop":1,"minecraft:granite":2,"minecraft:grass_block":194,"minecraft:jungle_log":41,"minecraft:blue_wool":9,"minecraft:oak_wall_sign":1,"minecraft:spawner":2,"minecraft:barrel":1,"minecraft:dark_oak_stairs":1,"chococraft:gysahl_green":88,"mcwbridges:bridge_torch":2,"minecraft:spruce_wood":2,"minecraft:player_head":3,"minecraft:red_bed":6,"minecraft:cyan_terracotta":1,"minecraft:smoker":2,"croptopia:oat_crop":2,"minecraft:poppy":14,"minecraft:chest":2,"minecraft:glass":34,"minecraft:cobblestone":15,"minecraft:oak_planks":101,"minecraft:sugar_cane":13,"minecraft:wall_torch":3,"minecraft:birch_log":14,"minecraft:wheat":58,"minecraft:oak_log":231,"minecraft:sand":98,"minecraft:dirt":48,"minecraft:oak_leaves":25,"minecraft:dark_prismarine":9,"croptopia:orange_crop":8,"minecraft:candle":6,"minecraft:oak_door":2,"minecraft:jungle_planks":4,"minecraft:calibrated_sculk_sensor":1,"minecraft:spruce_leaves":10,"minecraft:large_fern":2,"minecraft:furnace":1,"croptopia:corn_crop":4,"minecraft:acacia_wood":1,"minecraft:acacia_stairs":1,"minecraft:andesite":8,"croptopia:peach_crop":8,"minecraft:bell":1,"minecraft:bookshelf":4,"minecraft:shroomlight":1,"minecraft:vine":4,"minecraft:oxidized_copper_bulb":2,"minecraft:stone":429,"minecraft:white_wool":12,"minecraft:red_wool":9,"minecraft:dandelion":1,"croptopia:sweetpotato_crop":3,"minecraft:oak_fence":12,"minecraft:crafting_table":3,"minecraft:short_grass":56,"minecraft:campfire":2,"minecraft:tall_grass":3,"mcwbridges:oak_log_bridge_middle":15,"cookingforblockheads:cutting_board":2,"minecraft:birch_planks":16,"minecraft:sweet_berry_bush":1,"minecraft:coal_ore":29,"minecraft:birch_fence":2,"minecraft:fern":1},"minecraft:dropped":{"minecraft:cooked_beef":17,"minecraft:red_bed":1,"croptopia:mustard_seed":1,"minecraft:white_wool":1,"minecraft:stone_axe":1,"minecraft:rotten_flesh":1,"minecraft:cooked_mutton":4,"minecraft:poppy":2,"croptopia:mustard":2,"minecraft:egg":1,"minecraft:water_bucket":1,"minecraft:wheat_seeds":66,"chococraft:gold_gysahl":2,"croptopia:sweetpotato":1,"minecraft:gray_wool":1,"minecraft:iron_leggings":1,"minecraft:string":1,"chococraft:chocobo_feather":2,"minecraft:light_gray_wool":1,"minecraft:oak_boat":2,"minecraft:oak_sapling":1,"minecraft:stone_pickaxe":1,"croptopia:pepper_seed":1,"chococraft:gysahl_green":13,"minecraft:black_wool":1,"croptopia:frying_pan":1},"minecraft:broken":{"minecraft:iron_shovel":1,"minecraft:iron_axe":1,"minecraft:iron_pickaxe":1},"minecraft:picked_up":{"chococraft:loverly_gysahl_green":13,"minecraft:iron_chestplate":1,"minecraft:wheat":43,"minecraft:lead":7,"croptopia:calamari":1,"minecraft:string":2,"mcwbridges:oak_log_bridge_middle":15,"mcwbridges:bridge_torch":2,"croptopia:mustard_seed":1,"minecraft:furnace":1,"minecraft:blue_wool":8,"minecraft:stick":12,"minecraft:oak_fence":12,"minecraft:torch":3,"minecraft:porkchop":10,"minecraft:rotten_flesh":16,"minecraft:cobblestone":432,"minecraft:birch_log":14,"minecraft:feather":5,"minecraft:andesite":8,"minecraft:water_bucket":1,"minecraft:jungle_log":38,"minecraft:oxidized_copper_bulb":2,"minecraft:smoker":2,"minecraft:dirt":224,"minecraft:glass":7,"minecraft:bone":19,"croptopia:corn":3,"croptopia:sweetpotato":3,"minecraft:wheat_seeds":266,"minecraft:bell":1,"croptopia:bellpepper":3,"minecraft:oak_planks":133,"croptopia:mustard":2,"minecraft:sand":97,"minecraft:jungle_planks":4,"minecraft:ink_sac":1,"croptopia:oat":2,"minecraft:acacia_stairs":1,"minecraft:barrel":1,"minecraft:dark_prismarine":9,"minecraft:granite":2,"cookingforblockheads:cutting_board":2,"minecraft:oak_sapling":4,"minecraft:light_gray_carpet":2,"minecraft:diamond_pickaxe":1,"minecraft:charcoal":6,"minecraft:crafting_table":3,"minecraft:ominous_bottle":1,"minecraft:chicken":7,"croptopia:peach":6,"croptopia:sweetpotato_seed":6,"minecraft:brown_mushroom":4,"minecraft:pink_wool":1,"waystones:deepslate_waystone":2,"minecraft:red_bed":7,"croptopia:bellpepper_seed":6,"minecraft:birch_fence":2,"minecraft:candle":17,"minecraft:beef":10,"minecraft:oak_boat":2,"croptopia:pepper_seed":1,"minecraft:player_head":3,"minecraft:poppy":23,"minecraft:light_gray_wool":1,"minecraft:spruce_slab":1,"minecraft:sugar_cane":24,"minecraft:chest":2,"minecraft:phantom_membrane":1,"minecraft:egg":4,"croptopia:corn_seed":5,"minecraft:oak_door":2,"minecraft:dark_oak_planks":6,"minecraft:arrow":2,"croptopia:pepper":1,"minecraft:mutton":29,"minecraft:white_wool":23,"minecraft:oxeye_daisy":4,"minecraft:leather":6,"minecraft:red_mushroom":1,"minecraft:acacia_wood":1,"minecraft:birch_planks":16,"minecraft:oak_log":224,"minecraft:cobblestone_stairs":5,"minecraft:white_banner":1,"chococraft:chocobo_feather":2,"chococraft:gysahl_green":243,"minecraft:apple":1,"chococraft:gold_gysahl":8,"minecraft:spruce_wood":2,"minecraft:iron_ingot":56,"minecraft:dark_oak_stairs":1,"minecraft:book":12,"minecraft:sweet_berries":2,"minecraft:red_wool":7,"chococraft:gysahl_green_seeds":87,"minecraft:white_bed":6,"croptopia:orange":8,"croptopia:frying_pan":1,"minecraft:gray_wool":3,"minecraft:coal":35,"minecraft:black_wool":1},"minecraft:crafted":{"minecraft:black_dye":1,"minecraft:oak_planks":732,"minecraft:smooth_stone":4,"handcrafted:birch_bench":2,"minecraft:cooked_chicken":7,"minecraft:birch_slab":6,"minecraft:cobblestone_stairs":148,"minecraft:stone":18,"handcrafted:red_cushion":16,"minecraft:cooked_mutton":29,"minecraft:glass":76,"minecraft:iron_boots":1,"minecraft:chest":5,"minecraft:oak_fence":45,"minecraft:cooked_porkchop":10,"minecraft:crafting_table":4,"minecraft:wooden_pickaxe":1,"minecraft:iron_helmet":1,"minecraft:red_wool":9,"minecraft:birch_planks":56,"minecraft:iron_chestplate":1,"minecraft:shield":1,"minecraft:birch_fence":6,"minecraft:stick":192,"minecraft:iron_ingot":32,"minecraft:iron_pickaxe":2,"minecraft:iron_block":3,"minecraft:stone_sword":1,"minecraft:oak_door":3,"minecraft:stone_shovel":1,"minecraft:smooth_stone_slab":6,"handcrafted:oak_fancy_bed":2,"croptopia:pepper_seed":1,"minecraft:furnace":2,"cookingforblockheads:white_oven":1,"minecraft:iron_axe":2,"minecraft:iron_hoe":1,"minecraft:stone_pickaxe":1,"croptopia:cooked_calamari":1,"croptopia:frying_pan":1,"minecraft:cooked_beef":10,"minecraft:red_dye":18,"minecraft:iron_sword":1,"minecraft:red_bed":2,"mcwbridges:bridge_torch":2,"minecraft:bucket":2,"minecraft:stone_axe":1,"minecraft:air":0,"minecraft:jungle_planks":152,"minecraft:black_stained_glass":8,"minecraft:oak_fence_gate":2,"minecraft:oak_boat":3,"handcrafted:red_sheet":8,"minecraft:oak_stairs":12,"minecraft:iron_shovel":2,"minecraft:iron_leggings":1,"minecraft:armor_stand":2,"minecraft:anvil":1,"minecraft:white_bed":2,"minecraft:torch":64},"minecraft:used":{"cookingforblockheads:cutting_board":3,"minecraft:iron_shovel":328,"minecraft:poppy":3,"minecraft:chest":10,"minecraft:shield":2,"minecraft:iron_sword":178,"minecraft:bell":1,"minecraft:quartz_stairs":57,"minecraft:iron_chestplate":1,"mcwdoors:bamboo_glass_door":2,"minecraft:jungle_planks":156,"minecraft:glass":72,"minecraft:quartz_block":119,"livingthings:ostrich_egg":2,"croptopia:pepper_seed":1,"minecraft:furnace":2,"minecraft:egg":1,"croptopia:sweetpotato_seed":6,"minecraft:stone_pickaxe":21,"minecraft:oak_planks":329,"minecraft:wooden_pickaxe":12,"minecraft:sugar_cane":9,"minecraft:sand":6,"cookingforblockheads:tool_rack":1,"cookingforblockheads:milk_jar":1,"minecraft:birch_fence":43,"cookingforblockheads:purple_cooking_table":1,"minecraft:cherry_hanging_sign":2,"livingthings:raccoon_spawn_egg":1,"minecraft:birch_fence_gate":1,"handcrafted:oak_fancy_bed":2,"cookingforblockheads:white_oven":1,"chococraft:gysahl_green":23,"minecraft:oak_boat":1,"cookingforblockheads:sink":1,"cookingforblockheads:toaster":1,"minecraft:oak_fence":49,"minecraft:stone_sword":107,"minecraft:armor_stand":2,"croptopia:bellpepper_seed":6,"minecraft:stone_shovel":1,"minecraft:light_gray_carpet":2,"minecraft:oak_door":4,"minecraft:torch":64,"minecraft:dirt":207,"minecraft:anvil":1,"cookingforblockheads:counter":3,"minecraft:oak_fence_gate":2,"minecraft:iron_hoe":72,"minecraft:dark_oak_planks":6,"minecraft:sea_lantern":13,"mcwbridges:oak_log_bridge_middle":76,"minecraft:iron_axe":494,"minecraft:oak_stairs":6,"minecraft:birch_hanging_sign":10,"cookingforblockheads:connector":1,"minecraft:barrel":1,"minecraft:diamond_chestplate":1,"minecraft:glowstone":6,"minecraft:black_stained_glass":2,"minecraft:cooked_beef":20,"waystones:deepslate_waystone":2,"minecraft:wheat_seeds":79,"minecraft:cooked_mutton":15,"minecraft:water_bucket":51,"minecraft:cobblestone_stairs":153,"minecraft:birch_planks":37,"handcrafted:birch_bench":1,"croptopia:corn_seed":5,"minecraft:crafting_table":6,"minecraft:red_bed":6,"minecraft:white_bed":6,"cookingforblockheads:white_fridge":2,"minecraft:smoker":2,"minecraft:oxidized_copper_bulb":2,"minecraft:oak_log":41,"minecraft:diamond_pickaxe":19,"minecraft:oxeye_daisy":1,"chococraft:gysahl_green_seeds":36,"mcwbridges:bridge_torch":4,"minecraft:iron_pickaxe":463,"minecraft:stone_axe":115,"minecraft:cobblestone":148,"travelersbackpack:standard":9,"minecraft:white_banner":1,"minecraft:bucket":53,"minecraft:candle":17},"minecraft:killed":{"minecraft:spider":1,"minecraft:skeleton":2,"minecraft:chicken":7,"minecraft:pig":2,"minecraft:zombie_villager":1,"minecraft:sheep":19,"minecraft:pillager":2,"minecraft:zombie":8,"minecraft:cow":4,"minecraft:phantom":1,"minecraft:husk":3,"minecraft:hoglin":1,"minecraft:squid":1,"minecraft:wither_skeleton":8},"minecraft:custom":{"minecraft:interact_with_crafting_table":81,"minecraft:open_barrel":1,"minecraft:bell_ring":1,"minecraft:leave_game":1,"minecraft:time_since_death":33736,"minecraft:sprint_one_cm":639643,"minecraft:damage_blocked_by_shield":65,"minecraft:drop":61,"minecraft:talked_to_villager":5,"minecraft:play_time":383648,"minecraft:deaths":18,"minecraft:jump":3189,"minecraft:walk_on_water_one_cm":28837,"minecraft:interact_with_furnace":52,"minecraft:sleep_in_bed":22,"minecraft:waystone_activated":3,"minecraft:damage_dealt":10488,"minecraft:crouch_one_cm":28984,"minecraft:interact_with_smoker":1,"minecraft:horse_one_cm":738,"minecraft:interact_with_anvil":2,"minecraft:mob_kills":61,"minecraft:climb_one_cm":266,"minecraft:walk_one_cm":868688,"minecraft:sneak_time":14110,"minecraft:walk_under_water_one_cm":46921,"minecraft:boat_one_cm":171900,"minecraft:total_world_time":383648,"minecraft:time_since_rest":1952,"minecraft:damage_taken":10898,"minecraft:swim_one_cm":43862,"minecraft:fly_one_cm":806164,"minecraft:open_chest":130,"minecraft:fall_one_cm":140550},"minecraft:killed_by":{"minecraft:zombie_villager":2,"minecraft:wither_skeleton":4,"minecraft:hoglin":2,"minecraft:phantom":1}},"DataVersion":3953}