{"stats":{"minecraft:mined":{"minecraft:white_bed":4,"minecraft:snow_block":18,"minecraft:crafting_table":3,"minecraft:torch":2,"minecraft:short_grass":2,"minecraft:grass_block":80,"minecraft:diorite_stairs":2,"minecraft:spruce_leaves":5,"minecraft:diorite":34,"minecraft:wall_torch":3,"minecraft:large_fern":1,"minecraft:furnace":2,"minecraft:carrots":1,"minecraft:redstone_torch":1,"minecraft:iron_ore":2,"minecraft:wheat":5,"minecraft:snow":2,"minecraft:ice":319,"minecraft:white_carpet":1,"minecraft:spruce_log":115,"minecraft:potatoes":12,"minecraft:coal_ore":48,"minecraft:dirt_path":4,"minecraft:sand":1,"minecraft:dirt":144,"minecraft:stone":457},"minecraft:killed_by":{"minecraft:stray":1},"minecraft:picked_up":{"minecraft:crafting_table":3,"minecraft:feather":1,"minecraft:chicken":1,"minecraft:leather":5,"minecraft:potato":13,"minecraft:diorite_stairs":2,"minecraft:dirt":144,"minecraft:white_carpet":1,"minecraft:wheat_seeds":6,"minecraft:raw_gold":3,"minecraft:spruce_planks":3,"minecraft:beef":6,"minecraft:stone_pickaxe":1,"minecraft:redstone_torch":1,"minecraft:rabbit":4,"minecraft:iron_sword":1,"minecraft:furnace":2,"minecraft:stick":2,"minecraft:raw_iron":2,"minecraft:acacia_fence":1,"minecraft:torch":7,"minecraft:spruce_sapling":1,"minecraft:carrot":5,"minecraft:diorite":43,"minecraft:white_bed":4,"minecraft:spruce_log":112,"minecraft:spider_eye":1,"minecraft:rabbit_foot":1,"minecraft:stone_shovel":1,"minecraft:rotten_flesh":5,"minecraft:spruce_boat":3,"minecraft:crossbow":1,"minecraft:bread":21,"minecraft:baked_potato":2,"minecraft:coal":47,"minecraft:snowball":34,"minecraft:cobblestone":477},"minecraft:dropped":{"minecraft:bread":7,"minecraft:iron_sword":1,"minecraft:wheat_seeds":1,"minecraft:cooked_beef":2,"minecraft:baked_potato":4,"minecraft:crossbow":2,"minecraft:stone_shovel":1,"minecraft:dirt":1,"minecraft:potato":2,"minecraft:diorite":5,"minecraft:redstone_torch":1,"minecraft:spider_eye":1,"minecraft:stone_pickaxe":1},"minecraft:killed":{"minecraft:rabbit":5,"minecraft:zombie":2,"minecraft:chicken":1,"minecraft:cow":4},"minecraft:crafted":{"minecraft:cooked_beef":6,"minecraft:stone_shovel":1,"minecraft:crafting_table":2,"minecraft:spruce_planks":304,"minecraft:wooden_pickaxe":1,"minecraft:baked_potato":19,"minecraft:iron_sword":1,"minecraft:furnace":1,"minecraft:stone_axe":2,"minecraft:stick":40,"minecraft:iron_ingot":2,"minecraft:stone_pickaxe":2,"minecraft:wooden_axe":1,"minecraft:stone_sword":1,"minecraft:chest":1,"minecraft:spruce_boat":3,"minecraft:torch":28,"minecraft:stone_hoe":1,"minecraft:cooked_rabbit":2},"minecraft:used":{"minecraft:diorite_stairs":1,"minecraft:wheat_seeds":5,"minecraft:diorite":8,"minecraft:stone_sword":38,"minecraft:stone_pickaxe":207,"minecraft:stone_shovel":117,"minecraft:baked_potato":12,"minecraft:chest":1,"minecraft:wooden_pickaxe":33,"minecraft:torch":14,"minecraft:dirt":22,"minecraft:crafting_table":3,"minecraft:carrot":5,"minecraft:white_bed":4,"minecraft:snowball":31,"minecraft:spruce_boat":5,"minecraft:wooden_axe":10,"minecraft:bread":3,"minecraft:stone_axe":111,"minecraft:furnace":3,"minecraft:acacia_fence":1,"minecraft:cooked_rabbit":2,"minecraft:cooked_beef":4},"minecraft:broken":{"minecraft:stone_pickaxe":1},"minecraft:custom":{"minecraft:interact_with_furnace":24,"minecraft:mob_kills":13,"minecraft:interact_with_crafting_table":14,"minecraft:bell_ring":23,"minecraft:interact_with_stonecutter":1,"minecraft:leave_game":6,"minecraft:time_since_death":130395,"minecraft:sleep_in_bed":9,"minecraft:time_since_rest":12047,"minecraft:sprint_one_cm":252228,"minecraft:damage_taken":1020,"minecraft:walk_one_cm":244717,"minecraft:drop":29,"minecraft:damage_dealt":945,"minecraft:swim_one_cm":6317,"minecraft:talked_to_villager":15,"minecraft:fly_one_cm":226994,"minecraft:open_chest":16,"minecraft:crouch_one_cm":7098,"minecraft:play_time":133775,"minecraft:deaths":1,"minecraft:sneak_time":3121,"minecraft:walk_under_water_one_cm":1952,"minecraft:boat_one_cm":492289,"minecraft:jump":1500,"minecraft:interact_with_blast_furnace":2,"minecraft:walk_on_water_one_cm":3944,"minecraft:total_world_time":133775,"minecraft:fall_one_cm":21857}},"DataVersion":3953}