{"stats":{"minecraft:mined":{"minecraft:sweet_berry_bush":1,"minecraft:crafting_table":1,"minecraft:short_grass":5,"chococraft:gysahl_green":51,"minecraft:grass_block":1,"minecraft:oak_log":21,"minecraft:dirt":2,"minecraft:spruce_leaves":10,"minecraft:stone":12,"minecraft:oak_wall_sign":1},"minecraft:dropped":{"minecraft:oak_sapling":1,"minecraft:oak_boat":2,"chococraft:gysahl_green":13},"minecraft:picked_up":{"minecraft:iron_chestplate":1,"minecraft:crafting_table":1,"minecraft:stick":1,"chococraft:loverly_gysahl_green":8,"minecraft:sweet_berries":2,"minecraft:oak_log":20,"chococraft:gysahl_green_seeds":51,"minecraft:dirt":4,"minecraft:bone":1,"minecraft:rotten_flesh":4,"chococraft:gysahl_green":145,"chococraft:gold_gysahl":1,"minecraft:wheat_seeds":2,"minecraft:oak_boat":1,"minecraft:oak_sapling":1,"minecraft:cobblestone":12,"minecraft:oxeye_daisy":3},"minecraft:crafted":{"minecraft:oak_boat":2,"minecraft:oak_planks":80,"minecraft:stone_shovel":1,"minecraft:crafting_table":1,"minecraft:stick":8,"minecraft:wooden_pickaxe":1,"minecraft:stone_pickaxe":1,"minecraft:stone_sword":1,"minecraft:stone_axe":1},"minecraft:used":{"minecraft:birch_fence":36,"minecraft:cherry_hanging_sign":2,"minecraft:sea_lantern":13,"minecraft:stone_sword":107,"minecraft:birch_fence_gate":1,"minecraft:stone_shovel":1,"minecraft:birch_hanging_sign":10,"minecraft:quartz_block":119,"minecraft:wooden_pickaxe":12,"minecraft:quartz_stairs":57,"minecraft:stone_axe":14,"minecraft:glowstone":6,"minecraft:cobblestone":17,"minecraft:crafting_table":1,"chococraft:gysahl_green":23},"minecraft:killed":{"minecraft:skeleton":2,"minecraft:husk":3},"minecraft:custom":{"minecraft:time_since_rest":14193,"minecraft:sprint_one_cm":75835,"minecraft:damage_taken":270,"minecraft:walk_one_cm":123020,"minecraft:mob_kills":5,"minecraft:drop":16,"minecraft:damage_dealt":1473,"minecraft:interact_with_crafting_table":5,"minecraft:fly_one_cm":202128,"minecraft:crouch_one_cm":943,"minecraft:play_time":53798,"minecraft:deaths":3,"minecraft:sneak_time":938,"minecraft:walk_under_water_one_cm":228,"minecraft:boat_one_cm":131629,"minecraft:jump":311,"minecraft:time_since_death":14161,"minecraft:walk_on_water_one_cm":529,"minecraft:total_world_time":53798,"minecraft:fall_one_cm":5850}},"DataVersion":3953}