{"stats":{"minecraft:killed_by":{"minecraft:stray":1,"minecraft:creeper":1,"minecraft:skeleton":3,"minecraft:zombie":6},"minecraft:killed":{"minecraft:armadillo":1,"minecraft:cave_spider":1,"minecraft:bogged":1,"minecraft:skeleton":2,"minecraft:chicken":6,"minecraft:pig":3,"minecraft:rabbit":5,"minecraft:sheep":9,"minecraft:zombie":8,"minecraft:cow":4},"minecraft:broken":{"minecraft:stone_pickaxe":2,"minecraft:stone_shovel":2},"minecraft:picked_up":{"minecraft:crafting_table":6,"minecraft:chicken":46,"minecraft:brick":7,"minecraft:string":60,"minecraft:red_bed":8,"minecraft:flint_and_steel":8,"minecraft:white_carpet":1,"minecraft:cracked_stone_bricks":8,"minecraft:spruce_planks":1452,"minecraft:beef":6,"minecraft:redstone_torch":1,"minecraft:melon_slice":112,"minecraft:furnace":2,"minecraft:egg":6,"minecraft:tipped_arrow":14,"minecraft:stick":10,"minecraft:raw_iron":186,"minecraft:acacia_fence":1,"minecraft:torch":67,"minecraft:porkchop":3,"minecraft:cherry_log":161,"minecraft:diorite":43,"minecraft:carrot":8,"minecraft:rabbit_foot":1,"minecraft:stone_sword":7,"minecraft:arrow":2,"minecraft:rotten_flesh":37,"minecraft:stone_shovel":2,"minecraft:armadillo_scute":1,"minecraft:gold_ingot":40,"minecraft:mutton":50,"minecraft:snowball":34,"minecraft:white_wool":24,"minecraft:cobblestone":2643,"minecraft:pink_petals":13,"minecraft:feather":44,"minecraft:tripwire_hook":22,"minecraft:leather":5,"minecraft:jungle_fence":2,"minecraft:potato":27,"minecraft:oak_log":20,"minecraft:chainmail_chestplate":4,"minecraft:dirt":1079,"minecraft:diorite_stairs":2,"minecraft:cooked_mutton":16,"minecraft:bone":9,"minecraft:apple":8,"minecraft:wheat_seeds":6,"minecraft:raw_gold":24,"minecraft:stone_pickaxe":9,"minecraft:mossy_stone_bricks":12,"minecraft:rabbit":15,"minecraft:iron_sword":9,"minecraft:stone_hoe":7,"minecraft:oak_planks":33,"minecraft:dandelion":1,"minecraft:amethyst_shard":2,"minecraft:spruce_sapling":1,"minecraft:white_bed":4,"minecraft:spruce_log":357,"minecraft:spider_eye":1,"minecraft:spruce_boat":12,"minecraft:stone_axe":7,"minecraft:iron_helmet":4,"minecraft:crossbow":9,"minecraft:cherry_sapling":1,"minecraft:bread":117,"minecraft:baked_potato":2,"minecraft:coal":316},"minecraft:used":{"minecraft:diorite_stairs":1,"minecraft:cherry_sapling":1,"minecraft:stone_sword":38,"minecraft:flint_and_steel":1,"minecraft:stone_shovel":396,"minecraft:chest":1,"minecraft:spruce_planks":16,"minecraft:iron_sword":72,"minecraft:stone_hoe":3,"minecraft:torch":37,"minecraft:dirt":198,"minecraft:chainmail_chestplate":1,"minecraft:carrot":6,"minecraft:snowball":31,"minecraft:spruce_boat":6,"minecraft:wooden_axe":10,"minecraft:iron_helmet":1,"minecraft:furnace":3,"minecraft:acacia_fence":1,"minecraft:egg":3,"minecraft:cooked_beef":4,"minecraft:wheat_seeds":5,"minecraft:cooked_mutton":2,"minecraft:diorite":8,"minecraft:baked_potato":12,"minecraft:stone_pickaxe":283,"minecraft:oak_planks":1,"minecraft:jungle_fence":2,"minecraft:wooden_pickaxe":33,"minecraft:crafting_table":5,"minecraft:red_bed":2,"minecraft:crossbow":6,"minecraft:white_bed":4,"minecraft:spruce_log":1,"minecraft:apple":8,"minecraft:bread":27,"minecraft:stone_axe":190,"minecraft:cobblestone":52,"minecraft:cooked_rabbit":2},"minecraft:crafted":{"minecraft:oak_planks":32,"minecraft:stone_shovel":3,"minecraft:furnace":1,"minecraft:stone_pickaxe":4,"minecraft:chest":1,"minecraft:spruce_boat":3,"minecraft:stone_hoe":1,"minecraft:cooked_rabbit":2,"minecraft:cooked_beef":6,"minecraft:crafting_table":2,"minecraft:spruce_planks":304,"minecraft:baked_potato":19,"minecraft:wooden_pickaxe":1,"minecraft:iron_sword":1,"minecraft:stone_axe":3,"minecraft:stick":52,"minecraft:iron_ingot":2,"minecraft:wooden_axe":1,"minecraft:stone_sword":1,"minecraft:torch":28},"minecraft:dropped":{"minecraft:stone_hoe":1,"minecraft:bread":7,"minecraft:iron_sword":1,"minecraft:wheat_seeds":1,"minecraft:cooked_beef":2,"minecraft:baked_potato":4,"minecraft:crafting_table":1,"minecraft:crossbow":2,"minecraft:feather":15,"minecraft:cobblestone":64,"minecraft:cracked_stone_bricks":4,"minecraft:stick":19,"minecraft:dirt":1,"minecraft:diorite":29,"minecraft:armadillo_scute":1,"minecraft:pink_petals":13,"minecraft:bone":4,"minecraft:stone_axe":2,"minecraft:stone_shovel":3,"minecraft:rotten_flesh":13,"minecraft:filled_map":1,"minecraft:potato":2,"minecraft:spruce_planks":118,"minecraft:redstone_torch":1,"minecraft:spider_eye":1,"minecraft:arrow":1,"minecraft:stone_pickaxe":1,"minecraft:brick":7,"minecraft:egg":3},"minecraft:mined":{"minecraft:white_bed":4,"minecraft:cherry_log":33,"minecraft:grass_block":266,"minecraft:diorite_stairs":2,"minecraft:spruce_leaves":5,"minecraft:large_fern":1,"minecraft:furnace":2,"minecraft:carrots":1,"minecraft:iron_ore":25,"minecraft:fire":1,"minecraft:snow":2,"minecraft:pointed_dripstone":1,"minecraft:potatoes":12,"minecraft:dirt_path":4,"minecraft:stone":489,"minecraft:tripwire":12,"minecraft:red_bed":1,"minecraft:snow_block":18,"minecraft:dandelion":1,"minecraft:crafting_table":5,"minecraft:torch":2,"minecraft:short_grass":24,"minecraft:blast_furnace":1,"minecraft:melon":10,"minecraft:cobblestone":10,"minecraft:tall_grass":2,"minecraft:oak_planks":1,"minecraft:diorite":34,"minecraft:wall_torch":6,"minecraft:pink_petals":3,"minecraft:redstone_torch":1,"minecraft:wheat":5,"minecraft:ice":319,"minecraft:white_carpet":1,"minecraft:spruce_log":115,"minecraft:birch_leaves":5,"minecraft:jungle_fence":2,"minecraft:oak_log":20,"minecraft:coal_ore":52,"minecraft:cherry_leaves":4,"minecraft:sand":1,"minecraft:dirt":248,"minecraft:cracked_stone_bricks":2,"minecraft:tripwire_hook":13,"minecraft:mossy_stone_bricks":1,"minecraft:oak_leaves":11,"minecraft:fern":1},"minecraft:custom":{"minecraft:mob_kills":41,"minecraft:interact_with_crafting_table":21,"minecraft:interact_with_campfire":4,"minecraft:bell_ring":23,"minecraft:leave_game":11,"minecraft:time_since_death":14459,"minecraft:climb_one_cm":5606,"minecraft:sprint_one_cm":538101,"minecraft:walk_one_cm":507611,"minecraft:drop":82,"minecraft:talked_to_villager":19,"minecraft:play_time":258166,"minecraft:sneak_time":7372,"minecraft:deaths":11,"minecraft:walk_under_water_one_cm":8127,"minecraft:boat_one_cm":659778,"minecraft:jump":3051,"minecraft:interact_with_blast_furnace":2,"minecraft:walk_on_water_one_cm":17569,"minecraft:total_world_time":258166,"minecraft:interact_with_furnace":26,"minecraft:interact_with_stonecutter":1,"minecraft:sleep_in_bed":11,"minecraft:time_since_rest":14491,"minecraft:damage_taken":5027,"minecraft:trigger_trapped_chest":1,"minecraft:damage_dealt":3544,"minecraft:swim_one_cm":10363,"minecraft:fly_one_cm":493452,"minecraft:open_chest":26,"minecraft:crouch_one_cm":15138,"minecraft:fall_one_cm":55971,"minecraft:inspect_dispenser":1}},"DataVersion":3953}