{"stats":{"minecraft:picked_up":{"minecraft:crafting_table":3,"minecraft:feather":1,"minecraft:chicken":1,"minecraft:leather":5,"minecraft:potato":13,"minecraft:diorite_stairs":2,"minecraft:dirt":32,"minecraft:white_carpet":1,"minecraft:wheat_seeds":5,"minecraft:spruce_planks":3,"minecraft:beef":6,"minecraft:redstone_torch":1,"minecraft:rabbit":4,"minecraft:furnace":2,"minecraft:raw_iron":2,"minecraft:torch":4,"minecraft:spruce_sapling":1,"minecraft:diorite":12,"minecraft:spruce_log":112,"minecraft:white_bed":3,"minecraft:carrot":5,"minecraft:spider_eye":1,"minecraft:rabbit_foot":1,"minecraft:rotten_flesh":3,"minecraft:bread":4,"minecraft:coal":44,"minecraft:snowball":1,"minecraft:cobblestone":100},"minecraft:used":{"minecraft:diorite_stairs":1,"minecraft:wheat_seeds":5,"minecraft:diorite":6,"minecraft:stone_sword":38,"minecraft:stone_shovel":27,"minecraft:stone_pickaxe":126,"minecraft:chest":1,"minecraft:wooden_pickaxe":33,"minecraft:torch":8,"minecraft:dirt":22,"minecraft:crafting_table":3,"minecraft:white_bed":3,"minecraft:snowball":1,"minecraft:wooden_axe":10,"minecraft:bread":3,"minecraft:stone_axe":108,"minecraft:furnace":3,"minecraft:cooked_rabbit":2,"minecraft:cooked_beef":4},"minecraft:dropped":{"minecraft:bread":7,"minecraft:cooked_beef":2,"minecraft:dirt":1,"minecraft:potato":2},"minecraft:killed_by":{"minecraft:stray":1},"minecraft:killed":{"minecraft:rabbit":5,"minecraft:zombie":1,"minecraft:chicken":1,"minecraft:cow":4},"minecraft:mined":{"minecraft:white_bed":3,"minecraft:crafting_table":3,"minecraft:torch":2,"minecraft:grass_block":6,"minecraft:diorite_stairs":2,"minecraft:spruce_leaves":4,"minecraft:diorite":12,"minecraft:wall_torch":1,"minecraft:large_fern":1,"minecraft:furnace":2,"minecraft:carrots":1,"minecraft:iron_ore":2,"minecraft:redstone_torch":1,"minecraft:wheat":5,"minecraft:snow":1,"minecraft:white_carpet":1,"minecraft:spruce_log":115,"minecraft:potatoes":12,"minecraft:coal_ore":44,"minecraft:dirt":26,"minecraft:stone":97},"minecraft:crafted":{"minecraft:cooked_beef":6,"minecraft:stone_shovel":1,"minecraft:crafting_table":2,"minecraft:spruce_planks":304,"minecraft:wooden_pickaxe":1,"minecraft:baked_potato":19,"minecraft:iron_sword":1,"minecraft:furnace":1,"minecraft:stone_axe":2,"minecraft:stick":40,"minecraft:iron_ingot":2,"minecraft:stone_pickaxe":2,"minecraft:wooden_axe":1,"minecraft:stone_sword":1,"minecraft:chest":1,"minecraft:torch":28,"minecraft:stone_hoe":1,"minecraft:cooked_rabbit":2},"minecraft:custom":{"minecraft:interact_with_furnace":24,"minecraft:mob_kills":12,"minecraft:interact_with_crafting_table":13,"minecraft:bell_ring":23,"minecraft:interact_with_stonecutter":1,"minecraft:leave_game":2,"minecraft:time_since_death":73422,"minecraft:sleep_in_bed":4,"minecraft:time_since_rest":841,"minecraft:sprint_one_cm":148345,"minecraft:damage_taken":585,"minecraft:walk_one_cm":127003,"minecraft:drop":12,"minecraft:damage_dealt":823,"minecraft:swim_one_cm":3691,"minecraft:talked_to_villager":4,"minecraft:fly_one_cm":161759,"minecraft:open_chest":9,"minecraft:crouch_one_cm":4580,"minecraft:play_time":76802,"minecraft:deaths":1,"minecraft:sneak_time":2345,"minecraft:walk_under_water_one_cm":1278,"minecraft:jump":876,"minecraft:interact_with_blast_furnace":2,"minecraft:walk_on_water_one_cm":94,"minecraft:total_world_time":76802,"minecraft:fall_one_cm":13293}},"DataVersion":3953}