{"stats":{"minecraft:mined":{"croptopia:bellpepper_crop":1,"croptopia:pepper_crop":1,"minecraft:white_bed":3,"croptopia:orange_crop":8,"croptopia:mustard_crop":1,"minecraft:dandelion":1,"croptopia:sweetpotato_crop":1,"minecraft:crafting_table":3,"minecraft:granite":2,"croptopia:oat_crop":2,"minecraft:short_grass":37,"minecraft:poppy":12,"minecraft:grass_block":108,"minecraft:calibrated_sculk_sensor":1,"minecraft:tall_grass":3,"minecraft:cobblestone":2,"minecraft:spruce_leaves":10,"minecraft:oak_planks":48,"minecraft:oak_wall_sign":1,"minecraft:wheat":14,"minecraft:sweet_berry_bush":1,"croptopia:corn_crop":2,"minecraft:andesite":8,"croptopia:peach_crop":8,"chococraft:gysahl_green":70,"minecraft:coal_ore":29,"minecraft:oak_log":88,"minecraft:dirt":5,"minecraft:oxidized_copper_bulb":1,"minecraft:stone":109,"minecraft:oak_leaves":6},"minecraft:dropped":{"minecraft:stone_axe":1,"minecraft:wheat_seeds":64,"chococraft:gold_gysahl":2,"chococraft:chocobo_feather":2,"minecraft:rotten_flesh":1,"minecraft:light_gray_wool":1,"croptopia:sweetpotato":1,"minecraft:gray_wool":1,"minecraft:oak_boat":2,"minecraft:oak_sapling":1,"minecraft:stone_pickaxe":1,"croptopia:pepper_seed":1,"croptopia:mustard_seed":1,"croptopia:mustard":2,"minecraft:string":1,"minecraft:white_wool":1,"chococraft:gysahl_green":13,"minecraft:black_wool":1,"minecraft:egg":1},"minecraft:picked_up":{"chococraft:loverly_gysahl_green":10,"minecraft:crafting_table":3,"minecraft:iron_chestplate":1,"minecraft:andesite":8,"minecraft:feather":3,"minecraft:chicken":2,"croptopia:peach":6,"croptopia:sweetpotato_seed":2,"minecraft:leather":4,"minecraft:oxidized_copper_bulb":1,"minecraft:pink_wool":1,"minecraft:oak_log":87,"waystones:deepslate_waystone":1,"minecraft:string":2,"minecraft:dirt":81,"chococraft:chocobo_feather":2,"croptopia:bellpepper_seed":2,"minecraft:bone":1,"croptopia:corn":1,"chococraft:gysahl_green":194,"minecraft:apple":1,"croptopia:sweetpotato":1,"chococraft:gold_gysahl":5,"minecraft:wheat_seeds":141,"minecraft:iron_ingot":56,"croptopia:bellpepper":1,"minecraft:beef":10,"minecraft:oak_boat":2,"croptopia:pepper_seed":1,"minecraft:poppy":19,"minecraft:light_gray_wool":1,"croptopia:mustard_seed":1,"minecraft:oak_planks":63,"minecraft:egg":2,"minecraft:stick":12,"croptopia:corn_seed":2,"minecraft:sweet_berries":2,"croptopia:mustard":2,"chococraft:gysahl_green_seeds":69,"croptopia:oat":2,"minecraft:white_bed":3,"minecraft:rotten_flesh":5,"croptopia:orange":8,"minecraft:granite":2,"minecraft:gray_wool":1,"croptopia:pepper":1,"minecraft:oak_sapling":3,"minecraft:black_wool":1,"minecraft:mutton":24,"minecraft:coal":29,"minecraft:white_wool":11,"minecraft:cobblestone":102,"minecraft:oxeye_daisy":4},"minecraft:crafted":{"minecraft:oak_planks":348,"minecraft:stone_shovel":1,"minecraft:crafting_table":3,"minecraft:wooden_pickaxe":1,"minecraft:iron_sword":1,"minecraft:bucket":2,"minecraft:stone_axe":1,"minecraft:oak_boat":3,"minecraft:iron_axe":1,"minecraft:stick":24,"minecraft:iron_pickaxe":1,"minecraft:stone_pickaxe":1,"minecraft:stone_sword":1,"minecraft:chest":4,"minecraft:iron_shovel":1,"minecraft:white_bed":1},"minecraft:used":{"minecraft:water_bucket":26,"minecraft:iron_shovel":119,"minecraft:stone_sword":107,"minecraft:stone_shovel":1,"minecraft:stone_pickaxe":21,"minecraft:oak_planks":96,"minecraft:chest":4,"minecraft:wooden_pickaxe":12,"minecraft:iron_sword":6,"minecraft:quartz_stairs":57,"minecraft:dirt":2,"minecraft:crafting_table":5,"minecraft:white_bed":4,"minecraft:birch_fence":36,"minecraft:sea_lantern":13,"minecraft:cherry_hanging_sign":2,"minecraft:oxeye_daisy":1,"minecraft:birch_fence_gate":1,"minecraft:iron_axe":102,"minecraft:iron_pickaxe":121,"minecraft:quartz_block":119,"minecraft:birch_hanging_sign":10,"minecraft:stone_axe":115,"minecraft:glowstone":6,"minecraft:cobblestone":87,"minecraft:bucket":28,"minecraft:oak_boat":1,"chococraft:gysahl_green":23,"minecraft:egg":1,"minecraft:cooked_beef":7},"minecraft:killed_by":{"minecraft:zombie_villager":1},"minecraft:killed":{"minecraft:husk":3,"minecraft:zombie_villager":1,"minecraft:spider":1,"minecraft:sheep":15,"minecraft:skeleton":2,"minecraft:chicken":2,"minecraft:cow":4},"minecraft:custom":{"minecraft:mob_kills":28,"minecraft:interact_with_crafting_table":13,"minecraft:time_since_death":25203,"minecraft:sleep_in_bed":4,"minecraft:time_since_rest":14840,"minecraft:waystone_activated":1,"minecraft:sprint_one_cm":201523,"minecraft:damage_taken":860,"minecraft:walk_one_cm":222850,"minecraft:drop":33,"minecraft:damage_dealt":3613,"minecraft:fly_one_cm":404823,"minecraft:open_chest":7,"minecraft:crouch_one_cm":4702,"minecraft:play_time":107798,"minecraft:deaths":4,"minecraft:sneak_time":3008,"minecraft:walk_under_water_one_cm":829,"minecraft:boat_one_cm":171900,"minecraft:jump":1143,"minecraft:walk_on_water_one_cm":6866,"minecraft:total_world_time":107798,"minecraft:fall_one_cm":24983}},"DataVersion":3953}