{"stats":{"minecraft:picked_up":{"minecraft:crafting_table":1,"minecraft:spruce_sapling":1,"minecraft:spruce_log":17,"minecraft:dirt":4,"minecraft:spider_eye":1,"minecraft:rabbit_foot":1,"minecraft:rabbit":1,"minecraft:coal":6,"minecraft:cobblestone":10},"minecraft:used":{"minecraft:wooden_axe":9,"minecraft:wooden_pickaxe":16,"minecraft:dirt":2,"minecraft:crafting_table":2,"minecraft:furnace":1,"minecraft:cooked_rabbit":1},"minecraft:killed_by":{"minecraft:stray":1},"minecraft:killed":{"minecraft:zombie":1,"minecraft:rabbit":2},"minecraft:crafted":{"minecraft:crafting_table":2,"minecraft:spruce_planks":24,"minecraft:stick":12,"minecraft:wooden_pickaxe":1,"minecraft:wooden_axe":1,"minecraft:furnace":1,"minecraft:cooked_rabbit":1},"minecraft:mined":{"minecraft:spruce_log":17,"minecraft:crafting_table":1,"minecraft:grass_block":3,"minecraft:coal_ore":6,"minecraft:dirt":2,"minecraft:spruce_leaves":1,"minecraft:stone":10},"minecraft:custom":{"minecraft:time_since_rest":11045,"minecraft:sprint_one_cm":32769,"minecraft:interact_with_furnace":4,"minecraft:damage_taken":375,"minecraft:walk_one_cm":27745,"minecraft:mob_kills":4,"minecraft:damage_dealt":303,"minecraft:interact_with_crafting_table":2,"minecraft:fly_one_cm":48950,"minecraft:crouch_one_cm":596,"minecraft:play_time":14349,"minecraft:deaths":1,"minecraft:sneak_time":433,"minecraft:jump":238,"minecraft:leave_game":1,"minecraft:time_since_death":10969,"minecraft:total_world_time":14349,"minecraft:fall_one_cm":3861}},"DataVersion":3953}