{"stats":{"minecraft:mined":{"minecraft:white_bed":4,"minecraft:snow_block":18,"minecraft:crafting_table":5,"minecraft:torch":2,"minecraft:short_grass":2,"minecraft:grass_block":81,"minecraft:tall_grass":1,"minecraft:diorite_stairs":2,"minecraft:spruce_leaves":5,"minecraft:diorite":34,"minecraft:wall_torch":3,"minecraft:pink_petals":2,"minecraft:large_fern":1,"minecraft:furnace":2,"minecraft:carrots":1,"minecraft:redstone_torch":1,"minecraft:iron_ore":25,"minecraft:wheat":5,"minecraft:snow":2,"minecraft:ice":319,"minecraft:birch_leaves":1,"minecraft:white_carpet":1,"minecraft:spruce_log":115,"minecraft:pointed_dripstone":1,"minecraft:potatoes":12,"minecraft:coal_ore":52,"minecraft:dirt_path":4,"minecraft:sand":1,"minecraft:dirt":149,"minecraft:stone":489,"minecraft:oak_leaves":4},"minecraft:killed_by":{"minecraft:skeleton":3,"minecraft:stray":1,"minecraft:zombie":1},"minecraft:dropped":{"minecraft:bread":7,"minecraft:iron_sword":1,"minecraft:stone_axe":2,"minecraft:wheat_seeds":1,"minecraft:cooked_beef":2,"minecraft:baked_potato":4,"minecraft:crafting_table":1,"minecraft:crossbow":2,"minecraft:stone_shovel":3,"minecraft:cobblestone":64,"minecraft:feather":1,"minecraft:stick":17,"minecraft:filled_map":1,"minecraft:dirt":1,"minecraft:potato":2,"minecraft:diorite":29,"minecraft:spruce_planks":118,"minecraft:redstone_torch":1,"minecraft:spider_eye":1,"minecraft:stone_pickaxe":1,"minecraft:pink_petals":10,"minecraft:egg":3},"minecraft:picked_up":{"minecraft:pink_petals":10,"minecraft:crafting_table":6,"minecraft:feather":30,"minecraft:chicken":26,"minecraft:leather":5,"minecraft:potato":13,"minecraft:brick":7,"minecraft:red_bed":4,"minecraft:diorite_stairs":2,"minecraft:dirt":537,"minecraft:flint_and_steel":4,"minecraft:white_carpet":1,"minecraft:bone":2,"minecraft:apple":8,"minecraft:wheat_seeds":6,"minecraft:raw_gold":12,"minecraft:spruce_planks":796,"minecraft:beef":6,"minecraft:stone_pickaxe":5,"minecraft:redstone_torch":1,"minecraft:rabbit":12,"minecraft:stone_hoe":3,"minecraft:iron_sword":5,"minecraft:egg":6,"minecraft:furnace":2,"minecraft:stick":10,"minecraft:raw_iron":94,"minecraft:acacia_fence":1,"minecraft:torch":49,"minecraft:spruce_sapling":1,"minecraft:carrot":5,"minecraft:diorite":43,"minecraft:white_bed":4,"minecraft:spruce_log":236,"minecraft:spider_eye":1,"minecraft:rabbit_foot":1,"minecraft:stone_sword":3,"minecraft:stone_shovel":2,"minecraft:rotten_flesh":7,"minecraft:stone_axe":4,"minecraft:spruce_boat":7,"minecraft:armadillo_scute":1,"minecraft:crossbow":5,"minecraft:gold_ingot":20,"minecraft:bread":79,"minecraft:baked_potato":2,"minecraft:mutton":50,"minecraft:coal":214,"minecraft:snowball":34,"minecraft:white_wool":24,"minecraft:cobblestone":1707},"minecraft:killed":{"minecraft:armadillo":1,"minecraft:rabbit":5,"minecraft:skeleton":1,"minecraft:sheep":8,"minecraft:zombie":2,"minecraft:chicken":6,"minecraft:cow":4},"minecraft:crafted":{"minecraft:cooked_beef":6,"minecraft:stone_shovel":1,"minecraft:crafting_table":2,"minecraft:spruce_planks":304,"minecraft:wooden_pickaxe":1,"minecraft:baked_potato":19,"minecraft:iron_sword":1,"minecraft:furnace":1,"minecraft:stone_axe":3,"minecraft:stick":52,"minecraft:iron_ingot":2,"minecraft:stone_pickaxe":4,"minecraft:wooden_axe":1,"minecraft:stone_sword":1,"minecraft:chest":1,"minecraft:spruce_boat":3,"minecraft:torch":28,"minecraft:stone_hoe":1,"minecraft:cooked_rabbit":2},"minecraft:used":{"minecraft:diorite_stairs":1,"minecraft:wheat_seeds":5,"minecraft:diorite":8,"minecraft:stone_sword":38,"minecraft:stone_pickaxe":268,"minecraft:stone_shovel":120,"minecraft:baked_potato":12,"minecraft:chest":1,"minecraft:wooden_pickaxe":33,"minecraft:iron_sword":36,"minecraft:stone_hoe":3,"minecraft:torch":21,"minecraft:dirt":67,"minecraft:crafting_table":5,"minecraft:carrot":5,"minecraft:white_bed":4,"minecraft:snowball":31,"minecraft:spruce_boat":5,"minecraft:wooden_axe":10,"minecraft:apple":6,"minecraft:bread":8,"minecraft:stone_axe":113,"minecraft:cobblestone":52,"minecraft:furnace":3,"minecraft:acacia_fence":1,"minecraft:cooked_rabbit":2,"minecraft:egg":3,"minecraft:cooked_beef":4},"minecraft:broken":{"minecraft:stone_pickaxe":2},"minecraft:custom":{"minecraft:interact_with_furnace":24,"minecraft:mob_kills":28,"minecraft:interact_with_crafting_table":18,"minecraft:bell_ring":23,"minecraft:interact_with_stonecutter":1,"minecraft:leave_game":6,"minecraft:time_since_death":5438,"minecraft:sleep_in_bed":9,"minecraft:time_since_rest":5603,"minecraft:sprint_one_cm":355617,"minecraft:damage_taken":2349,"minecraft:walk_one_cm":318253,"minecraft:drop":66,"minecraft:damage_dealt":2206,"minecraft:swim_one_cm":6317,"minecraft:talked_to_villager":15,"minecraft:fly_one_cm":371593,"minecraft:open_chest":17,"minecraft:crouch_one_cm":10536,"minecraft:play_time":169775,"minecraft:deaths":5,"minecraft:sneak_time":4812,"minecraft:walk_under_water_one_cm":1952,"minecraft:boat_one_cm":492289,"minecraft:jump":2257,"minecraft:interact_with_blast_furnace":2,"minecraft:walk_on_water_one_cm":3944,"minecraft:total_world_time":169775,"minecraft:fall_one_cm":30949}},"DataVersion":3953}