{"stats":{"minecraft:mined":{"croptopia:bellpepper_crop":1,"croptopia:pepper_crop":1,"minecraft:white_bed":6,"minecraft:farmland":3,"croptopia:orange_crop":8,"minecraft:oak_door":2,"minecraft:cobblestone_stairs":5,"croptopia:mustard_crop":1,"minecraft:granite":2,"minecraft:grass_block":193,"minecraft:calibrated_sculk_sensor":1,"minecraft:spruce_leaves":10,"minecraft:oak_wall_sign":1,"minecraft:furnace":1,"croptopia:corn_crop":2,"minecraft:andesite":8,"croptopia:peach_crop":8,"chococraft:gysahl_green":70,"minecraft:stone":378,"minecraft:oxidized_copper_bulb":2,"minecraft:red_bed":2,"minecraft:dandelion":1,"croptopia:sweetpotato_crop":1,"minecraft:oak_fence":7,"minecraft:crafting_table":3,"minecraft:short_grass":48,"croptopia:oat_crop":2,"minecraft:poppy":13,"minecraft:chest":2,"minecraft:glass":34,"minecraft:tall_grass":3,"minecraft:cobblestone":15,"minecraft:sugar_cane":6,"minecraft:oak_planks":74,"minecraft:wall_torch":3,"minecraft:birch_planks":15,"minecraft:birch_log":14,"minecraft:sweet_berry_bush":1,"minecraft:wheat":14,"minecraft:oak_log":182,"minecraft:coal_ore":29,"minecraft:sand":98,"minecraft:dirt":44,"minecraft:birch_fence":1,"minecraft:oak_leaves":12,"minecraft:fern":1},"minecraft:dropped":{"minecraft:water_bucket":1,"minecraft:wheat_seeds":64,"chococraft:gold_gysahl":2,"croptopia:sweetpotato":1,"minecraft:gray_wool":1,"croptopia:mustard_seed":1,"minecraft:string":1,"minecraft:white_wool":1,"minecraft:stone_axe":1,"chococraft:chocobo_feather":2,"minecraft:rotten_flesh":1,"minecraft:light_gray_wool":1,"minecraft:oak_boat":2,"minecraft:oak_sapling":1,"minecraft:stone_pickaxe":1,"croptopia:pepper_seed":1,"croptopia:mustard":2,"chococraft:gysahl_green":13,"croptopia:frying_pan":1,"minecraft:black_wool":1,"minecraft:egg":1},"minecraft:broken":{"minecraft:iron_shovel":1,"minecraft:iron_axe":1,"minecraft:iron_pickaxe":1},"minecraft:picked_up":{"minecraft:iron_chestplate":1,"minecraft:crafting_table":3,"chococraft:loverly_gysahl_green":10,"minecraft:lead":4,"minecraft:ominous_bottle":1,"minecraft:chicken":6,"croptopia:peach":6,"croptopia:sweetpotato_seed":2,"minecraft:pink_wool":1,"croptopia:calamari":1,"waystones:deepslate_waystone":2,"minecraft:string":2,"minecraft:red_bed":2,"croptopia:bellpepper_seed":2,"minecraft:birch_fence":1,"minecraft:beef":10,"minecraft:oak_boat":2,"croptopia:pepper_seed":1,"minecraft:poppy":20,"minecraft:light_gray_wool":1,"croptopia:mustard_seed":1,"minecraft:sugar_cane":10,"minecraft:chest":2,"minecraft:furnace":1,"minecraft:egg":3,"minecraft:stick":12,"croptopia:corn_seed":2,"minecraft:oak_door":2,"minecraft:oak_fence":7,"minecraft:torch":3,"minecraft:rotten_flesh":7,"croptopia:pepper":1,"minecraft:mutton":29,"minecraft:white_wool":13,"minecraft:cobblestone":381,"minecraft:oxeye_daisy":4,"minecraft:birch_log":14,"minecraft:feather":4,"minecraft:water_bucket":1,"minecraft:andesite":8,"minecraft:leather":4,"minecraft:oxidized_copper_bulb":2,"minecraft:birch_planks":15,"minecraft:oak_log":178,"minecraft:cobblestone_stairs":5,"minecraft:dirt":219,"minecraft:white_banner":1,"chococraft:chocobo_feather":2,"minecraft:glass":7,"minecraft:bone":3,"croptopia:corn":1,"chococraft:gysahl_green":194,"minecraft:apple":1,"croptopia:sweetpotato":1,"chococraft:gold_gysahl":5,"minecraft:wheat_seeds":142,"croptopia:bellpepper":1,"minecraft:iron_ingot":56,"minecraft:oak_planks":106,"minecraft:sweet_berries":2,"croptopia:mustard":2,"minecraft:sand":97,"chococraft:gysahl_green_seeds":69,"minecraft:ink_sac":1,"croptopia:oat":2,"minecraft:white_bed":6,"croptopia:orange":8,"minecraft:granite":2,"croptopia:frying_pan":1,"minecraft:gray_wool":3,"minecraft:oak_sapling":4,"minecraft:black_wool":1,"minecraft:coal":29},"minecraft:used":{"minecraft:oak_fence":48,"minecraft:stone_sword":107,"minecraft:iron_shovel":326,"croptopia:bellpepper_seed":2,"minecraft:stone_shovel":1,"minecraft:poppy":3,"minecraft:chest":6,"minecraft:iron_sword":35,"minecraft:quartz_stairs":57,"minecraft:oak_door":4,"minecraft:torch":23,"minecraft:dirt":176,"minecraft:oak_fence_gate":1,"minecraft:iron_hoe":72,"minecraft:glass":72,"minecraft:sea_lantern":13,"minecraft:iron_axe":283,"minecraft:oak_stairs":6,"minecraft:birch_hanging_sign":10,"minecraft:quartz_block":119,"minecraft:glowstone":6,"minecraft:black_stained_glass":2,"minecraft:furnace":2,"minecraft:egg":1,"minecraft:cooked_beef":9,"waystones:deepslate_waystone":2,"minecraft:wheat_seeds":43,"minecraft:cooked_mutton":10,"croptopia:sweetpotato_seed":2,"minecraft:water_bucket":34,"minecraft:cobblestone_stairs":153,"minecraft:birch_planks":37,"minecraft:stone_pickaxe":21,"minecraft:oak_planks":234,"handcrafted:birch_bench":1,"minecraft:wooden_pickaxe":12,"croptopia:corn_seed":2,"minecraft:sugar_cane":9,"minecraft:sand":6,"minecraft:crafting_table":5,"minecraft:red_bed":4,"minecraft:white_bed":6,"minecraft:birch_fence":43,"minecraft:oxidized_copper_bulb":2,"minecraft:oak_log":41,"minecraft:cherry_hanging_sign":2,"minecraft:oxeye_daisy":1,"minecraft:birch_fence_gate":1,"chococraft:gysahl_green_seeds":18,"minecraft:iron_pickaxe":412,"minecraft:stone_axe":115,"minecraft:cobblestone":148,"minecraft:white_banner":1,"minecraft:bucket":36,"cookingforblockheads:white_oven":1,"chococraft:gysahl_green":23,"minecraft:oak_boat":1},"minecraft:crafted":{"minecraft:black_dye":1,"minecraft:oak_door":3,"minecraft:oak_planks":548,"minecraft:stone_shovel":1,"handcrafted:birch_bench":2,"minecraft:birch_slab":6,"minecraft:furnace":2,"minecraft:cobblestone_stairs":148,"minecraft:cooked_mutton":24,"minecraft:glass":76,"cookingforblockheads:white_oven":1,"minecraft:iron_axe":2,"minecraft:iron_hoe":1,"minecraft:stone_pickaxe":1,"minecraft:chest":4,"croptopia:cooked_calamari":1,"minecraft:oak_fence":45,"croptopia:frying_pan":1,"minecraft:red_dye":7,"minecraft:crafting_table":3,"minecraft:wooden_pickaxe":1,"minecraft:iron_sword":1,"minecraft:red_wool":5,"minecraft:red_bed":2,"minecraft:birch_planks":56,"minecraft:bucket":2,"minecraft:stone_axe":1,"minecraft:black_stained_glass":8,"minecraft:oak_fence_gate":2,"minecraft:oak_boat":3,"minecraft:birch_fence":6,"minecraft:stick":168,"minecraft:iron_ingot":32,"minecraft:iron_pickaxe":2,"minecraft:oak_stairs":12,"minecraft:stone_sword":1,"minecraft:iron_shovel":2,"minecraft:white_bed":2,"minecraft:torch":64},"minecraft:killed":{"minecraft:spider":1,"minecraft:skeleton":2,"minecraft:chicken":6,"minecraft:husk":3,"minecraft:zombie_villager":1,"minecraft:squid":1,"minecraft:sheep":19,"minecraft:pillager":2,"minecraft:zombie":3,"minecraft:cow":4},"minecraft:killed_by":{"minecraft:zombie_villager":1},"minecraft:custom":{"minecraft:mob_kills":42,"minecraft:interact_with_crafting_table":52,"minecraft:leave_game":1,"minecraft:time_since_death":134851,"minecraft:sprint_one_cm":391715,"minecraft:walk_one_cm":526109,"minecraft:drop":35,"minecraft:talked_to_villager":5,"minecraft:play_time":217446,"minecraft:deaths":4,"minecraft:sneak_time":4732,"minecraft:walk_under_water_one_cm":6266,"minecraft:boat_one_cm":171900,"minecraft:jump":1971,"minecraft:walk_on_water_one_cm":13347,"minecraft:total_world_time":217446,"minecraft:interact_with_furnace":40,"minecraft:sleep_in_bed":14,"minecraft:time_since_rest":5187,"minecraft:waystone_activated":3,"minecraft:damage_taken":1458,"minecraft:damage_dealt":4957,"minecraft:swim_one_cm":37043,"minecraft:fly_one_cm":558978,"minecraft:open_chest":54,"minecraft:crouch_one_cm":10033,"minecraft:fall_one_cm":39920}},"DataVersion":3953}