{"stats":{"minecraft:mined":{"minecraft:sweet_berry_bush":1,"minecraft:crafting_table":1,"minecraft:short_grass":5,"chococraft:gysahl_green":51,"minecraft:grass_block":1,"minecraft:oak_log":21,"minecraft:dirt":2,"minecraft:spruce_leaves":10,"minecraft:stone":12},"minecraft:dropped":{"minecraft:oak_sapling":1,"minecraft:oak_boat":2,"chococraft:gysahl_green":13},"minecraft:picked_up":{"minecraft:crafting_table":1,"minecraft:stick":1,"chococraft:loverly_gysahl_green":8,"minecraft:sweet_berries":2,"minecraft:oak_log":20,"chococraft:gysahl_green_seeds":51,"minecraft:dirt":4,"chococraft:gysahl_green":145,"chococraft:gold_gysahl":1,"minecraft:oak_boat":1,"minecraft:oak_sapling":1,"minecraft:cobblestone":12},"minecraft:used":{"minecraft:stone_sword":3,"minecraft:wooden_pickaxe":12,"minecraft:stone_axe":13,"minecraft:crafting_table":1,"chococraft:gysahl_green":23},"minecraft:crafted":{"minecraft:oak_boat":2,"minecraft:oak_planks":80,"minecraft:stone_shovel":1,"minecraft:crafting_table":1,"minecraft:stick":8,"minecraft:wooden_pickaxe":1,"minecraft:stone_pickaxe":1,"minecraft:stone_sword":1,"minecraft:stone_axe":1},"minecraft:custom":{"minecraft:time_since_rest":17798,"minecraft:sprint_one_cm":56889,"minecraft:damage_taken":270,"minecraft:walk_one_cm":37391,"minecraft:drop":16,"minecraft:damage_dealt":115,"minecraft:interact_with_crafting_table":5,"minecraft:fly_one_cm":59799,"minecraft:crouch_one_cm":528,"minecraft:play_time":17798,"minecraft:sneak_time":637,"minecraft:walk_under_water_one_cm":228,"minecraft:boat_one_cm":131629,"minecraft:jump":246,"minecraft:time_since_death":17798,"minecraft:walk_on_water_one_cm":529,"minecraft:total_world_time":17798,"minecraft:fall_one_cm":5850}},"DataVersion":3953}