{"stats":{"minecraft:mined":{"croptopia:bellpepper_crop":3,"croptopia:pepper_crop":3,"minecraft:white_bed":6,"minecraft:farmland":3,"minecraft:mossy_stone_brick_slab":1,"croptopia:grape_crop":1,"minecraft:cobblestone_stairs":5,"croptopia:mustard_crop":1,"minecraft:spruce_trapdoor":5,"minecraft:potted_dead_bush":2,"minecraft:granite":2,"minecraft:grass_block":195,"minecraft:jungle_log":41,"minecraft:blue_wool":9,"minecraft:composter":2,"minecraft:oak_wall_sign":1,"minecraft:spawner":2,"croptopia:tea_crop":1,"minecraft:barrel":1,"minecraft:pumpkin":22,"minecraft:dark_oak_stairs":1,"chococraft:gysahl_green":98,"mcwbridges:bridge_torch":2,"minecraft:spruce_wood":2,"minecraft:player_head":3,"minecraft:red_bed":6,"minecraft:cyan_terracotta":1,"minecraft:smoker":2,"minecraft:torch":1,"croptopia:oat_crop":2,"minecraft:poppy":14,"minecraft:chest":2,"minecraft:glass":34,"minecraft:cobblestone":15,"minecraft:sugar_cane":20,"minecraft:oak_planks":125,"minecraft:wall_torch":3,"minecraft:birch_sapling":1,"minecraft:birch_log":14,"minecraft:wheat":65,"minecraft:stone_brick_stairs":3,"minecraft:oak_log":242,"minecraft:beetroots":14,"minecraft:sand":98,"minecraft:dirt":61,"minecraft:oak_leaves":30,"minecraft:dark_prismarine":9,"croptopia:orange_crop":8,"minecraft:candle":10,"minecraft:oak_door":2,"minecraft:jungle_planks":4,"minecraft:calibrated_sculk_sensor":1,"minecraft:spruce_leaves":10,"minecraft:large_fern":2,"minecraft:oak_trapdoor":4,"minecraft:furnace":1,"croptopia:corn_crop":4,"minecraft:acacia_wood":1,"minecraft:acacia_stairs":1,"minecraft:andesite":8,"croptopia:peach_crop":8,"minecraft:bell":1,"minecraft:mossy_stone_brick_stairs":1,"minecraft:bookshelf":4,"minecraft:potatoes":14,"minecraft:shroomlight":1,"minecraft:vine":4,"minecraft:oxidized_copper_bulb":2,"minecraft:stone":429,"minecraft:white_wool":12,"minecraft:red_wool":9,"minecraft:dandelion":1,"croptopia:sweetpotato_crop":3,"travelersbackpack:standard":1,"minecraft:oak_fence":12,"minecraft:crafting_table":3,"minecraft:short_grass":63,"minecraft:campfire":2,"minecraft:tall_grass":5,"mcwbridges:oak_log_bridge_middle":15,"cookingforblockheads:cutting_board":2,"minecraft:birch_planks":16,"minecraft:sweet_berry_bush":1,"minecraft:coal_ore":29,"minecraft:cobweb":1,"minecraft:cracked_stone_bricks":1,"minecraft:stone_bricks":2,"minecraft:birch_fence":2,"minecraft:fern":1},"minecraft:dropped":{"minecraft:cooked_beef":17,"minecraft:red_bed":1,"minecraft:iron_pickaxe":1,"croptopia:mustard_seed":1,"minecraft:white_wool":1,"minecraft:stone_axe":1,"minecraft:rotten_flesh":1,"minecraft:cooked_mutton":4,"minecraft:poppy":2,"croptopia:mustard":2,"minecraft:egg":1,"minecraft:water_bucket":1,"minecraft:wheat_seeds":66,"chococraft:gold_gysahl":2,"croptopia:sweetpotato":1,"minecraft:gray_wool":1,"minecraft:iron_leggings":1,"minecraft:string":1,"chococraft:chocobo_feather":2,"minecraft:light_gray_wool":1,"minecraft:oak_boat":2,"minecraft:oak_sapling":1,"minecraft:stone_pickaxe":1,"croptopia:pepper_seed":1,"chococraft:gysahl_green":13,"croptopia:frying_pan":1,"minecraft:black_wool":1},"minecraft:broken":{"minecraft:iron_shovel":1,"minecraft:iron_axe":2,"minecraft:iron_pickaxe":1},"minecraft:picked_up":{"chococraft:loverly_gysahl_green":13,"minecraft:iron_chestplate":1,"minecraft:wheat":50,"minecraft:flower_pot":2,"croptopia:grape_seed":2,"minecraft:lead":7,"croptopia:calamari":1,"minecraft:stone_brick_stairs":3,"minecraft:string":2,"minecraft:beetroot":6,"mcwbridges:oak_log_bridge_middle":15,"mcwbridges:bridge_torch":2,"minecraft:iron_pickaxe":1,"croptopia:mustard_seed":1,"minecraft:furnace":1,"minecraft:blue_wool":8,"minecraft:stick":12,"minecraft:composter":2,"minecraft:oak_fence":12,"minecraft:torch":4,"minecraft:porkchop":15,"minecraft:rotten_flesh":20,"minecraft:cobblestone":432,"minecraft:birch_log":14,"minecraft:feather":5,"minecraft:andesite":8,"minecraft:water_bucket":1,"minecraft:jungle_log":38,"minecraft:oxidized_copper_bulb":2,"minecraft:smoker":2,"minecraft:potato":18,"minecraft:dirt":236,"minecraft:glass":7,"minecraft:bone":19,"croptopia:corn":3,"croptopia:sweetpotato":3,"minecraft:wheat_seeds":293,"minecraft:bell":1,"croptopia:bellpepper":3,"minecraft:oak_planks":157,"minecraft:mossy_stone_brick_stairs":1,"croptopia:mustard":2,"minecraft:jungle_planks":4,"minecraft:sand":97,"croptopia:oat":2,"minecraft:ink_sac":1,"minecraft:dead_bush":2,"minecraft:acacia_stairs":1,"minecraft:barrel":1,"minecraft:dark_prismarine":9,"minecraft:granite":2,"cookingforblockheads:cutting_board":2,"minecraft:oak_sapling":5,"minecraft:light_gray_carpet":2,"minecraft:diamond_pickaxe":1,"minecraft:charcoal":6,"minecraft:crafting_table":3,"minecraft:ominous_bottle":1,"minecraft:chicken":7,"croptopia:peach":6,"croptopia:sweetpotato_seed":6,"minecraft:brown_mushroom":4,"minecraft:pink_wool":1,"waystones:deepslate_waystone":2,"minecraft:oak_trapdoor":4,"minecraft:red_bed":7,"croptopia:bellpepper_seed":6,"minecraft:birch_fence":2,"minecraft:cracked_stone_bricks":1,"minecraft:candle":29,"minecraft:beef":14,"minecraft:oak_boat":2,"croptopia:pepper_seed":5,"minecraft:player_head":4,"minecraft:poppy":23,"minecraft:spruce_slab":1,"minecraft:light_gray_wool":1,"minecraft:sugar_cane":31,"minecraft:chest":2,"minecraft:birch_sapling":1,"minecraft:spruce_trapdoor":5,"minecraft:phantom_membrane":1,"minecraft:egg":4,"croptopia:corn_seed":5,"minecraft:oak_door":2,"minecraft:dark_oak_planks":6,"croptopia:grape":1,"minecraft:arrow":2,"minecraft:beetroot_seeds":19,"croptopia:pepper":3,"minecraft:mutton":29,"minecraft:white_wool":23,"minecraft:oxeye_daisy":4,"minecraft:leather":6,"minecraft:red_mushroom":1,"minecraft:acacia_wood":1,"minecraft:birch_planks":16,"croptopia:tea_leaves":1,"minecraft:oak_log":235,"minecraft:cobblestone_stairs":5,"minecraft:white_banner":1,"chococraft:chocobo_feather":2,"chococraft:gysahl_green":270,"minecraft:apple":1,"minecraft:stone_bricks":2,"chococraft:gold_gysahl":10,"minecraft:spruce_wood":2,"minecraft:iron_ingot":56,"minecraft:dark_oak_stairs":1,"minecraft:book":12,"minecraft:pumpkin":22,"minecraft:sweet_berries":2,"minecraft:red_wool":7,"chococraft:gysahl_green_seeds":97,"croptopia:tea_seed":1,"minecraft:white_bed":6,"minecraft:mossy_stone_brick_slab":1,"travelersbackpack:standard":1,"croptopia:orange":8,"croptopia:frying_pan":1,"minecraft:gray_wool":3,"minecraft:coal":35,"minecraft:black_wool":1},"minecraft:crafted":{"minecraft:black_dye":1,"minecraft:oak_planks":776,"minecraft:smooth_stone":4,"handcrafted:birch_bench":2,"minecraft:cooked_chicken":7,"minecraft:birch_slab":6,"minecraft:stone":18,"minecraft:cobblestone_stairs":148,"handcrafted:red_cushion":16,"minecraft:cooked_mutton":29,"minecraft:glass":76,"minecraft:iron_boots":1,"minecraft:chest":9,"minecraft:oak_fence":45,"minecraft:cooked_porkchop":14,"minecraft:crafting_table":4,"minecraft:wooden_pickaxe":1,"minecraft:iron_helmet":1,"minecraft:red_wool":9,"minecraft:birch_planks":56,"minecraft:iron_chestplate":1,"minecraft:shield":1,"minecraft:birch_fence":6,"minecraft:stick":192,"minecraft:iron_ingot":64,"minecraft:iron_pickaxe":3,"minecraft:iron_block":3,"minecraft:stone_sword":1,"minecraft:oak_door":3,"minecraft:stone_shovel":1,"handcrafted:oak_fancy_bed":2,"minecraft:smooth_stone_slab":6,"croptopia:pepper_seed":1,"minecraft:furnace":2,"minecraft:bone_meal":21,"minecraft:oak_trapdoor":4,"cookingforblockheads:white_oven":1,"minecraft:iron_axe":3,"minecraft:iron_hoe":1,"minecraft:stone_pickaxe":1,"croptopia:cooked_calamari":1,"croptopia:frying_pan":1,"minecraft:cooked_beef":14,"minecraft:red_dye":18,"minecraft:iron_sword":2,"minecraft:red_bed":2,"mcwbridges:bridge_torch":2,"minecraft:bucket":2,"minecraft:stone_axe":1,"minecraft:air":0,"minecraft:jungle_planks":152,"minecraft:black_stained_glass":8,"minecraft:oak_fence_gate":2,"minecraft:oak_boat":3,"handcrafted:red_sheet":8,"minecraft:oak_stairs":12,"minecraft:iron_shovel":2,"minecraft:iron_leggings":1,"minecraft:armor_stand":2,"minecraft:anvil":1,"minecraft:white_bed":2,"minecraft:torch":64},"minecraft:used":{"cookingforblockheads:cutting_board":3,"minecraft:beetroot":2,"minecraft:iron_shovel":340,"minecraft:poppy":3,"minecraft:chest":13,"minecraft:shield":2,"minecraft:iron_sword":223,"minecraft:quartz_stairs":57,"minecraft:bell":1,"minecraft:iron_chestplate":1,"mcwdoors:bamboo_glass_door":2,"minecraft:jungle_planks":156,"minecraft:glass":72,"minecraft:birch_sapling":1,"minecraft:quartz_block":119,"livingthings:ostrich_egg":2,"croptopia:pepper_seed":1,"minecraft:furnace":2,"minecraft:oak_sapling":1,"minecraft:beetroot_seeds":19,"minecraft:egg":1,"croptopia:sweetpotato_seed":6,"minecraft:stone_pickaxe":21,"minecraft:oak_planks":354,"minecraft:wooden_pickaxe":12,"minecraft:composter":1,"minecraft:sugar_cane":9,"minecraft:sand":6,"cookingforblockheads:tool_rack":1,"cookingforblockheads:milk_jar":1,"minecraft:birch_fence":43,"cookingforblockheads:purple_cooking_table":1,"minecraft:cherry_hanging_sign":2,"livingthings:raccoon_spawn_egg":1,"minecraft:birch_fence_gate":1,"handcrafted:oak_fancy_bed":2,"cookingforblockheads:white_oven":1,"chococraft:gysahl_green":23,"minecraft:oak_boat":1,"minecraft:bone_meal":8,"minecraft:oak_fence":49,"cookingforblockheads:sink":1,"minecraft:oak_trapdoor":4,"cookingforblockheads:toaster":1,"minecraft:stone_sword":107,"minecraft:armor_stand":2,"minecraft:stone_shovel":1,"croptopia:bellpepper_seed":6,"minecraft:light_gray_carpet":2,"minecraft:oak_door":4,"minecraft:torch":65,"minecraft:dirt":208,"minecraft:anvil":1,"cookingforblockheads:counter":3,"minecraft:oak_fence_gate":2,"minecraft:iron_hoe":72,"minecraft:dark_oak_planks":6,"minecraft:sea_lantern":13,"mcwbridges:oak_log_bridge_middle":103,"minecraft:iron_axe":569,"minecraft:oak_stairs":6,"minecraft:birch_hanging_sign":10,"cookingforblockheads:connector":1,"minecraft:barrel":1,"minecraft:diamond_chestplate":1,"minecraft:glowstone":6,"minecraft:black_stained_glass":2,"minecraft:cooked_beef":25,"waystones:deepslate_waystone":2,"minecraft:pumpkin":6,"minecraft:wheat_seeds":89,"minecraft:cooked_mutton":15,"minecraft:water_bucket":51,"minecraft:cobblestone_stairs":153,"minecraft:birch_planks":38,"handcrafted:birch_bench":1,"croptopia:corn_seed":5,"minecraft:cracked_stone_bricks":1,"minecraft:crafting_table":6,"minecraft:red_bed":6,"minecraft:white_bed":6,"cookingforblockheads:white_fridge":2,"minecraft:smoker":2,"minecraft:oxidized_copper_bulb":2,"minecraft:oak_log":41,"minecraft:diamond_pickaxe":25,"minecraft:oxeye_daisy":1,"chococraft:gysahl_green_seeds":36,"mcwbridges:bridge_torch":4,"minecraft:iron_pickaxe":465,"minecraft:spruce_trapdoor":4,"minecraft:stone_axe":115,"minecraft:cobblestone":148,"travelersbackpack:standard":14,"minecraft:white_banner":1,"minecraft:cooked_porkchop":1,"minecraft:bucket":53,"minecraft:candle":23},"minecraft:killed":{"minecraft:spider":1,"minecraft:skeleton":2,"minecraft:chicken":7,"minecraft:pig":4,"minecraft:zombie_villager":1,"minecraft:sheep":19,"minecraft:pillager":2,"minecraft:zombie":15,"minecraft:cow":6,"minecraft:phantom":1,"minecraft:husk":3,"minecraft:hoglin":1,"minecraft:squid":1,"minecraft:wither_skeleton":8},"minecraft:custom":{"minecraft:interact_with_crafting_table":92,"minecraft:open_barrel":1,"minecraft:bell_ring":2,"minecraft:leave_game":2,"minecraft:time_since_death":87436,"minecraft:sprint_one_cm":732762,"minecraft:damage_blocked_by_shield":65,"minecraft:drop":62,"minecraft:talked_to_villager":5,"minecraft:play_time":437584,"minecraft:deaths":18,"minecraft:jump":3637,"minecraft:walk_on_water_one_cm":29102,"minecraft:interact_with_furnace":56,"minecraft:sleep_in_bed":30,"minecraft:waystone_activated":3,"minecraft:damage_dealt":12212,"minecraft:crouch_one_cm":31973,"minecraft:interact_with_smoker":2,"minecraft:horse_one_cm":738,"minecraft:mob_kills":72,"minecraft:interact_with_anvil":2,"minecraft:climb_one_cm":266,"minecraft:walk_one_cm":990476,"minecraft:sneak_time":15693,"minecraft:walk_under_water_one_cm":46921,"minecraft:boat_one_cm":171900,"minecraft:total_world_time":437584,"minecraft:time_since_rest":486,"minecraft:damage_taken":11098,"minecraft:swim_one_cm":43862,"minecraft:fly_one_cm":923124,"minecraft:open_chest":152,"minecraft:fall_one_cm":149278},"minecraft:killed_by":{"minecraft:zombie_villager":2,"minecraft:wither_skeleton":4,"minecraft:hoglin":2,"minecraft:phantom":1}},"DataVersion":3953}