{"stats":{"minecraft:mined":{"minecraft:white_bed":4,"minecraft:cherry_log":33,"minecraft:grass_block":81,"minecraft:diorite_stairs":2,"minecraft:spruce_leaves":5,"minecraft:large_fern":1,"minecraft:furnace":2,"minecraft:carrots":1,"minecraft:iron_ore":25,"minecraft:fire":1,"minecraft:snow":2,"minecraft:pointed_dripstone":1,"minecraft:potatoes":12,"minecraft:dirt_path":4,"minecraft:stone":489,"minecraft:tripwire":12,"minecraft:snow_block":18,"minecraft:crafting_table":5,"minecraft:torch":2,"minecraft:short_grass":5,"minecraft:blast_furnace":1,"minecraft:melon":10,"minecraft:cobblestone":8,"minecraft:tall_grass":1,"minecraft:diorite":34,"minecraft:wall_torch":6,"minecraft:pink_petals":3,"minecraft:redstone_torch":1,"minecraft:wheat":5,"minecraft:ice":319,"minecraft:white_carpet":1,"minecraft:spruce_log":115,"minecraft:birch_leaves":5,"minecraft:jungle_fence":2,"minecraft:coal_ore":52,"minecraft:cherry_leaves":2,"minecraft:sand":1,"minecraft:dirt":149,"minecraft:cracked_stone_bricks":2,"minecraft:tripwire_hook":13,"minecraft:mossy_stone_bricks":1,"minecraft:oak_leaves":10,"minecraft:fern":1},"minecraft:killed_by":{"minecraft:stray":1,"minecraft:skeleton":3,"minecraft:zombie":6},"minecraft:picked_up":{"minecraft:crafting_table":6,"minecraft:chicken":41,"minecraft:brick":7,"minecraft:string":45,"minecraft:red_bed":7,"minecraft:flint_and_steel":7,"minecraft:white_carpet":1,"minecraft:cracked_stone_bricks":6,"minecraft:spruce_planks":1280,"minecraft:beef":6,"minecraft:redstone_torch":1,"minecraft:melon_slice":56,"minecraft:egg":6,"minecraft:furnace":2,"minecraft:tipped_arrow":12,"minecraft:stick":10,"minecraft:raw_iron":163,"minecraft:acacia_fence":1,"minecraft:torch":67,"minecraft:cherry_log":128,"minecraft:diorite":43,"minecraft:carrot":7,"minecraft:rabbit_foot":1,"minecraft:stone_sword":6,"minecraft:rotten_flesh":33,"minecraft:stone_shovel":2,"minecraft:armadillo_scute":1,"minecraft:gold_ingot":35,"minecraft:mutton":50,"minecraft:snowball":34,"minecraft:white_wool":24,"minecraft:cobblestone":2390,"minecraft:pink_petals":13,"minecraft:feather":44,"minecraft:tripwire_hook":22,"minecraft:leather":5,"minecraft:jungle_fence":2,"minecraft:potato":27,"minecraft:chainmail_chestplate":3,"minecraft:diorite_stairs":2,"minecraft:dirt":819,"minecraft:cooked_mutton":13,"minecraft:bone":5,"minecraft:apple":8,"minecraft:wheat_seeds":6,"minecraft:raw_gold":21,"minecraft:stone_pickaxe":8,"minecraft:mossy_stone_bricks":8,"minecraft:rabbit":14,"minecraft:iron_sword":8,"minecraft:stone_hoe":6,"minecraft:amethyst_shard":1,"minecraft:spruce_sapling":1,"minecraft:white_bed":4,"minecraft:spruce_log":327,"minecraft:spider_eye":1,"minecraft:stone_axe":6,"minecraft:spruce_boat":11,"minecraft:iron_helmet":3,"minecraft:crossbow":8,"minecraft:bread":117,"minecraft:baked_potato":2,"minecraft:coal":282},"minecraft:dropped":{"minecraft:stone_hoe":1,"minecraft:bread":7,"minecraft:iron_sword":1,"minecraft:wheat_seeds":1,"minecraft:cooked_beef":2,"minecraft:baked_potato":4,"minecraft:crafting_table":1,"minecraft:crossbow":2,"minecraft:feather":15,"minecraft:cobblestone":64,"minecraft:cracked_stone_bricks":2,"minecraft:stick":17,"minecraft:dirt":1,"minecraft:diorite":29,"minecraft:armadillo_scute":1,"minecraft:pink_petals":13,"minecraft:bone":2,"minecraft:stone_axe":2,"minecraft:stone_shovel":3,"minecraft:rotten_flesh":11,"minecraft:filled_map":1,"minecraft:potato":2,"minecraft:spruce_planks":118,"minecraft:redstone_torch":1,"minecraft:spider_eye":1,"minecraft:stone_pickaxe":1,"minecraft:brick":7,"minecraft:egg":3},"minecraft:killed":{"minecraft:armadillo":1,"minecraft:cave_spider":1,"minecraft:bogged":1,"minecraft:skeleton":1,"minecraft:chicken":6,"minecraft:rabbit":5,"minecraft:sheep":8,"minecraft:zombie":7,"minecraft:cow":4},"minecraft:crafted":{"minecraft:stone_shovel":1,"minecraft:furnace":1,"minecraft:stone_pickaxe":4,"minecraft:chest":1,"minecraft:spruce_boat":3,"minecraft:stone_hoe":1,"minecraft:cooked_rabbit":2,"minecraft:cooked_beef":6,"minecraft:crafting_table":2,"minecraft:spruce_planks":304,"minecraft:baked_potato":19,"minecraft:wooden_pickaxe":1,"minecraft:iron_sword":1,"minecraft:stone_axe":3,"minecraft:stick":52,"minecraft:iron_ingot":2,"minecraft:wooden_axe":1,"minecraft:stone_sword":1,"minecraft:torch":28},"minecraft:used":{"minecraft:diorite_stairs":1,"minecraft:stone_sword":38,"minecraft:flint_and_steel":1,"minecraft:stone_shovel":120,"minecraft:spruce_planks":14,"minecraft:chest":1,"minecraft:iron_sword":59,"minecraft:stone_hoe":3,"minecraft:torch":37,"minecraft:dirt":68,"minecraft:chainmail_chestplate":1,"minecraft:carrot":6,"minecraft:snowball":31,"minecraft:spruce_boat":6,"minecraft:wooden_axe":10,"minecraft:iron_helmet":1,"minecraft:furnace":3,"minecraft:acacia_fence":1,"minecraft:egg":3,"minecraft:cooked_beef":4,"minecraft:wheat_seeds":5,"minecraft:cooked_mutton":1,"minecraft:diorite":8,"minecraft:stone_pickaxe":281,"minecraft:baked_potato":12,"minecraft:jungle_fence":2,"minecraft:wooden_pickaxe":33,"minecraft:crafting_table":5,"minecraft:white_bed":4,"minecraft:spruce_log":1,"minecraft:apple":8,"minecraft:bread":19,"minecraft:stone_axe":165,"minecraft:cobblestone":52,"minecraft:cooked_rabbit":2},"minecraft:broken":{"minecraft:stone_pickaxe":2},"minecraft:custom":{"minecraft:mob_kills":35,"minecraft:interact_with_crafting_table":18,"minecraft:interact_with_campfire":4,"minecraft:bell_ring":23,"minecraft:leave_game":8,"minecraft:time_since_death":9005,"minecraft:climb_one_cm":5606,"minecraft:sprint_one_cm":461768,"minecraft:walk_one_cm":422898,"minecraft:drop":76,"minecraft:talked_to_villager":19,"minecraft:play_time":215203,"minecraft:deaths":10,"minecraft:sneak_time":5931,"minecraft:walk_under_water_one_cm":8127,"minecraft:boat_one_cm":659778,"minecraft:jump":2746,"minecraft:interact_with_blast_furnace":2,"minecraft:walk_on_water_one_cm":17427,"minecraft:total_world_time":215203,"minecraft:interact_with_furnace":24,"minecraft:interact_with_stonecutter":1,"minecraft:sleep_in_bed":9,"minecraft:time_since_rest":9033,"minecraft:damage_taken":4373,"minecraft:trigger_trapped_chest":1,"minecraft:damage_dealt":3004,"minecraft:swim_one_cm":10363,"minecraft:fly_one_cm":431167,"minecraft:open_chest":22,"minecraft:crouch_one_cm":12140,"minecraft:fall_one_cm":48957,"minecraft:inspect_dispenser":1}},"DataVersion":3953}