{"stats":{"minecraft:mined":{"croptopia:bellpepper_crop":1,"croptopia:pepper_crop":1,"minecraft:white_bed":6,"croptopia:orange_crop":8,"minecraft:oak_door":2,"minecraft:cobblestone_stairs":2,"croptopia:mustard_crop":1,"minecraft:granite":2,"minecraft:grass_block":159,"minecraft:calibrated_sculk_sensor":1,"minecraft:spruce_leaves":10,"minecraft:oak_wall_sign":1,"croptopia:corn_crop":2,"minecraft:andesite":8,"croptopia:peach_crop":8,"chococraft:gysahl_green":70,"minecraft:stone":230,"minecraft:oxidized_copper_bulb":1,"minecraft:dandelion":1,"croptopia:sweetpotato_crop":1,"minecraft:crafting_table":3,"minecraft:short_grass":38,"croptopia:oat_crop":2,"minecraft:poppy":12,"minecraft:chest":2,"minecraft:tall_grass":3,"minecraft:cobblestone":11,"minecraft:sugar_cane":3,"minecraft:oak_planks":52,"minecraft:sweet_berry_bush":1,"minecraft:wheat":14,"minecraft:oak_log":94,"minecraft:coal_ore":29,"minecraft:sand":77,"minecraft:dirt":22,"minecraft:oak_leaves":6},"minecraft:dropped":{"minecraft:wheat_seeds":64,"chococraft:gold_gysahl":2,"croptopia:sweetpotato":1,"minecraft:gray_wool":1,"croptopia:mustard_seed":1,"minecraft:string":1,"minecraft:white_wool":1,"minecraft:stone_axe":1,"chococraft:chocobo_feather":2,"minecraft:rotten_flesh":1,"minecraft:light_gray_wool":1,"minecraft:oak_boat":2,"minecraft:oak_sapling":1,"minecraft:stone_pickaxe":1,"croptopia:pepper_seed":1,"croptopia:mustard":2,"chococraft:gysahl_green":13,"minecraft:black_wool":1,"minecraft:egg":1},"minecraft:broken":{"minecraft:iron_pickaxe":1},"minecraft:picked_up":{"minecraft:iron_chestplate":1,"minecraft:crafting_table":3,"chococraft:loverly_gysahl_green":10,"minecraft:chicken":2,"croptopia:peach":6,"croptopia:sweetpotato_seed":2,"minecraft:pink_wool":1,"waystones:deepslate_waystone":1,"minecraft:string":2,"croptopia:bellpepper_seed":2,"minecraft:beef":10,"minecraft:oak_boat":2,"croptopia:pepper_seed":1,"minecraft:poppy":19,"minecraft:light_gray_wool":1,"croptopia:mustard_seed":1,"minecraft:sugar_cane":7,"minecraft:chest":2,"minecraft:egg":2,"minecraft:stick":12,"croptopia:corn_seed":2,"minecraft:oak_door":2,"minecraft:rotten_flesh":5,"croptopia:pepper":1,"minecraft:mutton":24,"minecraft:white_wool":11,"minecraft:cobblestone":230,"minecraft:oxeye_daisy":4,"minecraft:feather":3,"minecraft:andesite":8,"minecraft:leather":4,"minecraft:oxidized_copper_bulb":1,"minecraft:oak_log":93,"minecraft:cobblestone_stairs":2,"minecraft:dirt":148,"chococraft:chocobo_feather":2,"minecraft:bone":1,"croptopia:corn":1,"chococraft:gysahl_green":194,"minecraft:apple":1,"croptopia:sweetpotato":1,"chococraft:gold_gysahl":5,"minecraft:wheat_seeds":141,"croptopia:bellpepper":1,"minecraft:iron_ingot":56,"minecraft:oak_planks":65,"minecraft:sweet_berries":2,"croptopia:mustard":2,"minecraft:sand":76,"chococraft:gysahl_green_seeds":69,"croptopia:oat":2,"minecraft:white_bed":6,"croptopia:orange":8,"minecraft:granite":2,"minecraft:gray_wool":1,"minecraft:oak_sapling":3,"minecraft:black_wool":1,"minecraft:coal":29},"minecraft:used":{"minecraft:stone_sword":107,"minecraft:iron_shovel":261,"minecraft:stone_shovel":1,"minecraft:chest":6,"minecraft:iron_sword":9,"minecraft:quartz_stairs":57,"minecraft:oak_door":4,"minecraft:torch":6,"minecraft:dirt":14,"minecraft:glass":33,"minecraft:sea_lantern":13,"minecraft:iron_axe":119,"minecraft:birch_hanging_sign":10,"minecraft:quartz_block":119,"minecraft:glowstone":6,"minecraft:furnace":2,"minecraft:egg":1,"minecraft:cooked_beef":9,"waystones:deepslate_waystone":1,"minecraft:water_bucket":26,"minecraft:cobblestone_stairs":54,"minecraft:stone_pickaxe":21,"minecraft:oak_planks":162,"minecraft:wooden_pickaxe":12,"minecraft:crafting_table":5,"minecraft:red_bed":2,"minecraft:white_bed":6,"minecraft:birch_fence":36,"minecraft:oxidized_copper_bulb":1,"minecraft:cherry_hanging_sign":2,"minecraft:oxeye_daisy":1,"minecraft:birch_fence_gate":1,"minecraft:iron_pickaxe":253,"minecraft:stone_axe":115,"minecraft:cobblestone":140,"minecraft:bucket":28,"chococraft:gysahl_green":23,"minecraft:oak_boat":1},"minecraft:crafted":{"minecraft:oak_door":3,"minecraft:oak_planks":372,"minecraft:stone_shovel":1,"minecraft:furnace":2,"minecraft:cobblestone_stairs":52,"minecraft:cooked_mutton":24,"minecraft:glass":33,"minecraft:iron_axe":1,"minecraft:stone_pickaxe":1,"minecraft:chest":4,"minecraft:red_dye":7,"minecraft:crafting_table":3,"minecraft:wooden_pickaxe":1,"minecraft:iron_sword":1,"minecraft:red_bed":2,"minecraft:bucket":2,"minecraft:stone_axe":1,"minecraft:oak_boat":3,"minecraft:stick":68,"minecraft:iron_pickaxe":2,"minecraft:stone_sword":1,"minecraft:iron_shovel":1,"minecraft:white_bed":2,"minecraft:torch":64},"minecraft:killed":{"minecraft:spider":1,"minecraft:skeleton":2,"minecraft:chicken":2,"minecraft:husk":3,"minecraft:zombie_villager":1,"minecraft:sheep":15,"minecraft:zombie":1,"minecraft:cow":4},"minecraft:killed_by":{"minecraft:zombie_villager":1},"minecraft:custom":{"minecraft:mob_kills":29,"minecraft:interact_with_crafting_table":22,"minecraft:time_since_death":49203,"minecraft:sprint_one_cm":225636,"minecraft:walk_one_cm":275352,"minecraft:drop":33,"minecraft:play_time":131798,"minecraft:deaths":4,"minecraft:sneak_time":4262,"minecraft:walk_under_water_one_cm":3677,"minecraft:boat_one_cm":171900,"minecraft:jump":1317,"minecraft:walk_on_water_one_cm":9887,"minecraft:total_world_time":131798,"minecraft:interact_with_furnace":17,"minecraft:sleep_in_bed":6,"minecraft:time_since_rest":4388,"minecraft:waystone_activated":2,"minecraft:damage_taken":915,"minecraft:damage_dealt":3723,"minecraft:swim_one_cm":10911,"minecraft:fly_one_cm":418945,"minecraft:open_chest":18,"minecraft:crouch_one_cm":9528,"minecraft:fall_one_cm":26947}},"DataVersion":3953}