{"stats":{"minecraft:mined":{"minecraft:white_bed":4,"minecraft:snow_block":18,"minecraft:crafting_table":4,"minecraft:torch":2,"minecraft:short_grass":2,"minecraft:grass_block":81,"minecraft:diorite_stairs":2,"minecraft:spruce_leaves":5,"minecraft:diorite":34,"minecraft:wall_torch":3,"minecraft:large_fern":1,"minecraft:furnace":2,"minecraft:carrots":1,"minecraft:redstone_torch":1,"minecraft:iron_ore":25,"minecraft:wheat":5,"minecraft:snow":2,"minecraft:ice":319,"minecraft:white_carpet":1,"minecraft:spruce_log":115,"minecraft:pointed_dripstone":1,"minecraft:potatoes":12,"minecraft:coal_ore":52,"minecraft:dirt_path":4,"minecraft:sand":1,"minecraft:dirt":147,"minecraft:stone":486,"minecraft:oak_leaves":4},"minecraft:killed_by":{"minecraft:stray":1},"minecraft:picked_up":{"minecraft:crafting_table":4,"minecraft:feather":7,"minecraft:chicken":5,"minecraft:leather":5,"minecraft:potato":13,"minecraft:diorite_stairs":2,"minecraft:dirt":148,"minecraft:white_carpet":1,"minecraft:wheat_seeds":6,"minecraft:raw_gold":3,"minecraft:spruce_planks":67,"minecraft:beef":6,"minecraft:stone_pickaxe":1,"minecraft:redstone_torch":1,"minecraft:rabbit":4,"minecraft:iron_sword":1,"minecraft:egg":6,"minecraft:furnace":2,"minecraft:stick":2,"minecraft:raw_iron":25,"minecraft:acacia_fence":1,"minecraft:torch":7,"minecraft:spruce_sapling":1,"minecraft:carrot":5,"minecraft:diorite":43,"minecraft:white_bed":4,"minecraft:spruce_log":112,"minecraft:spider_eye":1,"minecraft:rabbit_foot":1,"minecraft:stone_shovel":2,"minecraft:rotten_flesh":5,"minecraft:spruce_boat":3,"minecraft:crossbow":1,"minecraft:bread":21,"minecraft:baked_potato":2,"minecraft:mutton":10,"minecraft:coal":50,"minecraft:snowball":34,"minecraft:white_wool":8,"minecraft:cobblestone":502},"minecraft:dropped":{"minecraft:bread":7,"minecraft:iron_sword":1,"minecraft:stone_axe":1,"minecraft:wheat_seeds":1,"minecraft:cooked_beef":2,"minecraft:baked_potato":4,"minecraft:crafting_table":1,"minecraft:crossbow":2,"minecraft:stone_shovel":3,"minecraft:cobblestone":64,"minecraft:feather":1,"minecraft:stick":17,"minecraft:dirt":1,"minecraft:potato":2,"minecraft:diorite":29,"minecraft:spruce_planks":118,"minecraft:redstone_torch":1,"minecraft:spider_eye":1,"minecraft:stone_pickaxe":1,"minecraft:egg":3},"minecraft:killed":{"minecraft:rabbit":5,"minecraft:sheep":8,"minecraft:zombie":2,"minecraft:chicken":5,"minecraft:cow":4},"minecraft:crafted":{"minecraft:cooked_beef":6,"minecraft:stone_shovel":1,"minecraft:crafting_table":2,"minecraft:spruce_planks":304,"minecraft:wooden_pickaxe":1,"minecraft:baked_potato":19,"minecraft:iron_sword":1,"minecraft:furnace":1,"minecraft:stone_axe":2,"minecraft:stick":44,"minecraft:iron_ingot":2,"minecraft:stone_pickaxe":3,"minecraft:wooden_axe":1,"minecraft:stone_sword":1,"minecraft:chest":1,"minecraft:spruce_boat":3,"minecraft:torch":28,"minecraft:stone_hoe":1,"minecraft:cooked_rabbit":2},"minecraft:used":{"minecraft:diorite_stairs":1,"minecraft:wheat_seeds":5,"minecraft:diorite":8,"minecraft:stone_sword":38,"minecraft:stone_pickaxe":265,"minecraft:stone_shovel":120,"minecraft:baked_potato":12,"minecraft:chest":1,"minecraft:wooden_pickaxe":33,"minecraft:iron_sword":20,"minecraft:torch":19,"minecraft:dirt":22,"minecraft:crafting_table":4,"minecraft:carrot":5,"minecraft:white_bed":4,"minecraft:snowball":31,"minecraft:spruce_boat":5,"minecraft:wooden_axe":10,"minecraft:bread":6,"minecraft:stone_axe":112,"minecraft:cobblestone":11,"minecraft:furnace":3,"minecraft:acacia_fence":1,"minecraft:cooked_rabbit":2,"minecraft:egg":3,"minecraft:cooked_beef":4},"minecraft:broken":{"minecraft:stone_pickaxe":2},"minecraft:custom":{"minecraft:interact_with_furnace":24,"minecraft:mob_kills":25,"minecraft:interact_with_crafting_table":17,"minecraft:bell_ring":23,"minecraft:interact_with_stonecutter":1,"minecraft:leave_game":6,"minecraft:time_since_death":142395,"minecraft:sleep_in_bed":9,"minecraft:time_since_rest":24047,"minecraft:sprint_one_cm":275843,"minecraft:damage_taken":1089,"minecraft:walk_one_cm":271761,"minecraft:drop":63,"minecraft:damage_dealt":1745,"minecraft:swim_one_cm":6317,"minecraft:talked_to_villager":15,"minecraft:fly_one_cm":251640,"minecraft:open_chest":16,"minecraft:crouch_one_cm":7509,"minecraft:play_time":145775,"minecraft:deaths":1,"minecraft:sneak_time":3239,"minecraft:walk_under_water_one_cm":1952,"minecraft:boat_one_cm":492289,"minecraft:jump":1712,"minecraft:interact_with_blast_furnace":2,"minecraft:walk_on_water_one_cm":3944,"minecraft:total_world_time":145775,"minecraft:fall_one_cm":24491}},"DataVersion":3953}