{"stats":{"minecraft:mined":{"croptopia:bellpepper_crop":3,"croptopia:pepper_crop":3,"minecraft:white_bed":6,"minecraft:farmland":3,"croptopia:greenbean_crop":1,"minecraft:mossy_stone_brick_slab":1,"croptopia:grape_crop":1,"minecraft:cobblestone_stairs":5,"croptopia:mustard_crop":1,"minecraft:potted_blue_orchid":1,"minecraft:brewing_stand":1,"minecraft:spruce_trapdoor":5,"minecraft:potted_dead_bush":2,"minecraft:granite":2,"croptopia:lime_crop":4,"minecraft:grass_block":201,"minecraft:jungle_log":41,"minecraft:blue_wool":9,"minecraft:composter":2,"minecraft:oak_wall_sign":1,"minecraft:spawner":2,"minecraft:mossy_cobblestone_stairs":1,"minecraft:iron_ore":5,"croptopia:tea_crop":1,"minecraft:barrel":1,"minecraft:pumpkin":22,"minecraft:dark_oak_stairs":1,"chococraft:gysahl_green":98,"croptopia:apple_crop":7,"mcwbridges:bridge_torch":2,"minecraft:oak_stairs":1,"minecraft:spruce_wood":2,"minecraft:white_banner":1,"minecraft:player_head":3,"minecraft:red_bed":6,"minecraft:cyan_terracotta":1,"minecraft:smoker":2,"minecraft:torch":3,"minecraft:note_block":7,"croptopia:oat_crop":2,"minecraft:poppy":14,"minecraft:chest":2,"minecraft:glass":34,"minecraft:cobblestone":15,"minecraft:sugar_cane":25,"minecraft:oak_planks":132,"minecraft:wall_torch":4,"minecraft:birch_sapling":1,"minecraft:chain":1,"minecraft:birch_log":14,"minecraft:wheat":66,"minecraft:stone_brick_stairs":3,"minecraft:oak_log":242,"minecraft:beetroots":14,"minecraft:loom":1,"minecraft:sand":98,"minecraft:dirt":61,"minecraft:oak_leaves":37,"minecraft:dark_prismarine":9,"croptopia:orange_crop":17,"minecraft:candle":10,"minecraft:oak_door":2,"minecraft:jungle_planks":4,"minecraft:calibrated_sculk_sensor":1,"minecraft:redstone_wire":1,"minecraft:spruce_leaves":10,"minecraft:large_fern":2,"minecraft:redstone_ore":1,"minecraft:oak_trapdoor":4,"minecraft:furnace":1,"croptopia:corn_crop":5,"minecraft:acacia_wood":1,"minecraft:acacia_stairs":1,"minecraft:andesite":8,"croptopia:peach_crop":8,"minecraft:bell":1,"minecraft:mossy_stone_brick_stairs":1,"minecraft:bookshelf":19,"minecraft:potatoes":14,"minecraft:shroomlight":1,"minecraft:vine":4,"minecraft:lantern":7,"minecraft:oxidized_copper_bulb":2,"minecraft:stone":434,"minecraft:white_wool":12,"minecraft:smithing_table":1,"minecraft:red_wool":9,"croptopia:lettuce_crop":1,"minecraft:dandelion":2,"croptopia:sweetpotato_crop":3,"travelersbackpack:standard":1,"minecraft:oak_fence":12,"minecraft:crafting_table":3,"minecraft:short_grass":67,"minecraft:emerald_ore":5,"minecraft:sculk_sensor":1,"croptopia:lemon_crop":5,"minecraft:campfire":2,"minecraft:tall_grass":6,"mcwbridges:oak_log_bridge_middle":15,"cookingforblockheads:cutting_board":2,"minecraft:birch_planks":16,"croptopia:plum_crop":10,"minecraft:sweet_berry_bush":1,"minecraft:coal_ore":43,"minecraft:cobweb":3,"minecraft:cracked_stone_bricks":1,"minecraft:stone_bricks":2,"minecraft:birch_fence":2,"minecraft:fern":1},"minecraft:dropped":{"minecraft:candle":6,"minecraft:cooked_beef":17,"minecraft:red_bed":1,"minecraft:iron_pickaxe":1,"croptopia:mustard_seed":1,"minecraft:white_wool":1,"minecraft:stone_axe":1,"minecraft:rotten_flesh":1,"croptopia:greenbean_seed":2,"minecraft:cooked_mutton":4,"minecraft:poppy":2,"croptopia:mustard":2,"minecraft:egg":1,"minecraft:water_bucket":1,"croptopia:lettuce_seed":1,"minecraft:wheat_seeds":66,"chococraft:gold_gysahl":2,"croptopia:sweetpotato":1,"minecraft:stick":1,"minecraft:gray_wool":1,"minecraft:iron_leggings":1,"minecraft:string":1,"chococraft:chocobo_feather":2,"minecraft:light_gray_wool":1,"minecraft:oak_boat":2,"minecraft:oak_sapling":1,"minecraft:stone_pickaxe":1,"croptopia:pepper_seed":1,"chococraft:gysahl_green":13,"croptopia:frying_pan":1,"minecraft:black_wool":1},"minecraft:broken":{"minecraft:iron_shovel":1,"minecraft:iron_axe":2,"minecraft:iron_pickaxe":1},"minecraft:picked_up":{"chococraft:loverly_gysahl_green":13,"minecraft:iron_chestplate":1,"minecraft:wheat":51,"minecraft:flower_pot":3,"croptopia:grape_seed":2,"minecraft:smithing_table":1,"minecraft:lead":9,"minecraft:oak_stairs":1,"minecraft:potion":1,"croptopia:calamari":1,"minecraft:stone_brick_stairs":3,"minecraft:brewing_stand":1,"croptopia:lettuce":1,"minecraft:string":4,"minecraft:beetroot":6,"mcwbridges:oak_log_bridge_middle":15,"mcwbridges:bridge_torch":2,"minecraft:iron_pickaxe":1,"croptopia:mustard_seed":1,"minecraft:furnace":1,"minecraft:blue_wool":8,"minecraft:stick":14,"minecraft:composter":2,"minecraft:oak_fence":12,"minecraft:torch":7,"minecraft:porkchop":15,"minecraft:rotten_flesh":21,"minecraft:cobblestone":437,"croptopia:lettuce_seed":1,"minecraft:birch_log":14,"minecraft:feather":5,"minecraft:andesite":8,"minecraft:water_bucket":1,"minecraft:jungle_log":38,"minecraft:oxidized_copper_bulb":2,"minecraft:smoker":2,"minecraft:potato":18,"minecraft:lantern":7,"minecraft:dirt":303,"minecraft:glass":7,"minecraft:bone":19,"croptopia:corn":4,"croptopia:sweetpotato":3,"minecraft:wheat_seeds":297,"minecraft:bell":1,"croptopia:bellpepper":3,"croptopia:lime":4,"minecraft:oak_planks":164,"minecraft:mossy_stone_brick_stairs":1,"croptopia:plum":10,"croptopia:mustard":2,"minecraft:jungle_planks":4,"minecraft:sand":97,"croptopia:oat":2,"minecraft:ink_sac":1,"minecraft:loom":1,"minecraft:dead_bush":2,"minecraft:acacia_stairs":1,"minecraft:barrel":1,"minecraft:dark_prismarine":9,"waystones:waystone":1,"minecraft:granite":2,"cookingforblockheads:cutting_board":2,"minecraft:emerald":5,"minecraft:oak_sapling":6,"minecraft:light_gray_carpet":2,"minecraft:diamond_pickaxe":1,"minecraft:charcoal":6,"minecraft:crafting_table":3,"minecraft:ominous_bottle":1,"minecraft:chicken":7,"minecraft:ladder":3,"croptopia:peach":6,"croptopia:sweetpotato_seed":6,"minecraft:brown_mushroom":4,"minecraft:pink_wool":1,"minecraft:chain":1,"waystones:deepslate_waystone":2,"minecraft:oak_trapdoor":4,"minecraft:red_bed":7,"croptopia:bellpepper_seed":6,"minecraft:birch_fence":2,"minecraft:blue_orchid":1,"minecraft:cracked_stone_bricks":1,"minecraft:candle":35,"minecraft:beef":14,"minecraft:oak_boat":2,"croptopia:pepper_seed":5,"minecraft:player_head":4,"minecraft:poppy":23,"minecraft:spruce_slab":1,"minecraft:light_gray_wool":1,"minecraft:sugar_cane":36,"minecraft:chest":2,"minecraft:birch_sapling":1,"minecraft:spruce_trapdoor":5,"minecraft:phantom_membrane":1,"minecraft:egg":4,"minecraft:raw_iron":5,"croptopia:corn_seed":7,"minecraft:oak_door":2,"croptopia:greenbean_seed":2,"minecraft:note_block":6,"minecraft:redstone":10,"minecraft:dark_oak_planks":8,"croptopia:grape":1,"minecraft:arrow":2,"minecraft:beetroot_seeds":19,"croptopia:pepper":3,"minecraft:mutton":29,"minecraft:white_wool":23,"minecraft:oxeye_daisy":4,"minecraft:leather":6,"minecraft:red_mushroom":1,"minecraft:acacia_wood":1,"minecraft:birch_planks":16,"croptopia:tea_leaves":1,"minecraft:oak_log":235,"minecraft:gunpowder":2,"minecraft:cobblestone_stairs":5,"minecraft:white_banner":2,"chococraft:chocobo_feather":2,"chococraft:gysahl_green":270,"minecraft:apple":9,"minecraft:stone_bricks":2,"chococraft:gold_gysahl":10,"minecraft:spruce_wood":2,"minecraft:iron_ingot":56,"minecraft:dark_oak_stairs":1,"minecraft:book":64,"minecraft:pumpkin":22,"minecraft:sweet_berries":2,"minecraft:red_wool":7,"minecraft:dandelion":1,"chococraft:gysahl_green_seeds":97,"croptopia:tea_seed":1,"minecraft:white_bed":6,"minecraft:mossy_stone_brick_slab":1,"travelersbackpack:standard":1,"croptopia:lemon":5,"croptopia:orange":17,"croptopia:greenbean":1,"minecraft:mossy_cobblestone_stairs":1,"croptopia:frying_pan":1,"minecraft:gray_wool":3,"minecraft:coal":49,"minecraft:black_wool":1},"minecraft:crafted":{"minecraft:black_dye":1,"minecraft:oak_planks":776,"minecraft:smooth_stone":4,"handcrafted:birch_bench":2,"minecraft:cooked_chicken":7,"minecraft:birch_slab":6,"minecraft:stone":18,"minecraft:cobblestone_stairs":148,"handcrafted:red_cushion":16,"minecraft:cooked_mutton":29,"minecraft:glass":76,"minecraft:iron_boots":1,"minecraft:chest":9,"minecraft:oak_fence":45,"minecraft:cooked_porkchop":14,"minecraft:crafting_table":4,"minecraft:wooden_pickaxe":1,"minecraft:iron_helmet":1,"minecraft:red_wool":9,"minecraft:birch_planks":56,"minecraft:iron_chestplate":1,"minecraft:shield":1,"minecraft:birch_fence":6,"minecraft:stick":192,"minecraft:iron_ingot":64,"minecraft:iron_pickaxe":3,"minecraft:iron_block":3,"minecraft:stone_sword":1,"minecraft:oak_door":3,"minecraft:stone_shovel":1,"handcrafted:oak_fancy_bed":2,"minecraft:smooth_stone_slab":6,"croptopia:pepper_seed":1,"minecraft:furnace":2,"minecraft:bone_meal":21,"minecraft:oak_trapdoor":4,"cookingforblockheads:white_oven":1,"minecraft:iron_axe":3,"minecraft:iron_hoe":1,"minecraft:stone_pickaxe":1,"croptopia:cooked_calamari":1,"croptopia:frying_pan":1,"minecraft:cooked_beef":14,"minecraft:red_dye":18,"minecraft:iron_sword":2,"minecraft:red_bed":2,"mcwbridges:bridge_torch":2,"minecraft:bucket":2,"minecraft:stone_axe":1,"minecraft:air":0,"minecraft:jungle_planks":152,"minecraft:black_stained_glass":8,"minecraft:oak_fence_gate":2,"minecraft:oak_boat":3,"handcrafted:red_sheet":8,"minecraft:oak_stairs":12,"minecraft:iron_shovel":2,"minecraft:iron_leggings":1,"minecraft:armor_stand":2,"minecraft:anvil":1,"minecraft:white_bed":2,"minecraft:torch":64},"minecraft:used":{"cookingforblockheads:cutting_board":3,"minecraft:beetroot":2,"minecraft:iron_shovel":352,"minecraft:ladder":3,"minecraft:poppy":3,"minecraft:chest":13,"minecraft:shield":2,"minecraft:iron_sword":240,"minecraft:player_head":1,"minecraft:quartz_stairs":57,"minecraft:bell":1,"minecraft:iron_chestplate":1,"mcwdoors:bamboo_glass_door":2,"minecraft:jungle_planks":156,"minecraft:glass":72,"minecraft:lantern":5,"minecraft:birch_sapling":1,"minecraft:quartz_block":119,"livingthings:ostrich_egg":2,"croptopia:pepper_seed":1,"minecraft:furnace":2,"minecraft:oak_sapling":1,"minecraft:beetroot_seeds":19,"minecraft:egg":1,"croptopia:sweetpotato_seed":6,"minecraft:stone_pickaxe":21,"minecraft:oak_planks":370,"minecraft:wooden_pickaxe":12,"minecraft:composter":1,"minecraft:sugar_cane":9,"minecraft:sand":6,"cookingforblockheads:tool_rack":1,"cookingforblockheads:milk_jar":1,"minecraft:birch_fence":43,"cookingforblockheads:purple_cooking_table":1,"minecraft:cherry_hanging_sign":2,"livingthings:raccoon_spawn_egg":1,"minecraft:birch_fence_gate":1,"handcrafted:oak_fancy_bed":2,"cookingforblockheads:white_oven":1,"chococraft:gysahl_green":23,"minecraft:oak_boat":1,"minecraft:bone_meal":8,"minecraft:oak_fence":49,"cookingforblockheads:sink":1,"minecraft:oak_trapdoor":4,"cookingforblockheads:toaster":1,"minecraft:stone_sword":107,"minecraft:armor_stand":2,"minecraft:stone_shovel":1,"croptopia:bellpepper_seed":6,"minecraft:light_gray_carpet":2,"minecraft:oak_door":4,"minecraft:torch":76,"minecraft:dirt":208,"minecraft:anvil":1,"cookingforblockheads:counter":3,"minecraft:oak_fence_gate":2,"minecraft:iron_hoe":72,"minecraft:dark_oak_planks":6,"minecraft:sea_lantern":13,"mcwbridges:oak_log_bridge_middle":103,"minecraft:iron_axe":602,"minecraft:oak_stairs":6,"minecraft:birch_hanging_sign":10,"cookingforblockheads:connector":1,"minecraft:barrel":1,"minecraft:diamond_chestplate":1,"minecraft:glowstone":6,"minecraft:black_stained_glass":2,"minecraft:cooked_beef":30,"waystones:deepslate_waystone":2,"minecraft:pumpkin":6,"minecraft:wheat_seeds":89,"minecraft:cooked_mutton":15,"minecraft:water_bucket":51,"minecraft:cobblestone_stairs":153,"minecraft:birch_planks":38,"handcrafted:birch_bench":1,"croptopia:corn_seed":5,"minecraft:cracked_stone_bricks":1,"minecraft:crafting_table":6,"minecraft:red_bed":6,"minecraft:white_bed":6,"cookingforblockheads:white_fridge":2,"minecraft:smoker":2,"minecraft:oxidized_copper_bulb":2,"minecraft:oak_log":41,"minecraft:diamond_pickaxe":25,"minecraft:oxeye_daisy":1,"chococraft:gysahl_green_seeds":36,"mcwbridges:bridge_torch":4,"minecraft:iron_pickaxe":508,"minecraft:spruce_trapdoor":4,"minecraft:stone_axe":115,"minecraft:cobblestone":148,"travelersbackpack:standard":22,"minecraft:white_banner":1,"minecraft:cooked_porkchop":1,"minecraft:bucket":53,"minecraft:candle":23},"minecraft:custom":{"minecraft:interact_with_crafting_table":94,"minecraft:open_barrel":1,"minecraft:bell_ring":2,"minecraft:leave_game":2,"minecraft:time_since_death":135436,"minecraft:sprint_one_cm":862175,"minecraft:damage_blocked_by_shield":65,"minecraft:drop":67,"minecraft:play_noteblock":12,"minecraft:talked_to_villager":8,"minecraft:play_time":485584,"minecraft:deaths":18,"minecraft:jump":4164,"minecraft:walk_on_water_one_cm":37616,"minecraft:interact_with_furnace":56,"minecraft:sleep_in_bed":34,"minecraft:waystone_activated":6,"minecraft:damage_dealt":12590,"minecraft:crouch_one_cm":33372,"minecraft:interact_with_smoker":2,"minecraft:interact_with_smithing_table":1,"minecraft:horse_one_cm":738,"minecraft:mob_kills":74,"minecraft:interact_with_anvil":2,"minecraft:climb_one_cm":4367,"minecraft:walk_one_cm":1125512,"minecraft:sneak_time":16472,"minecraft:walk_under_water_one_cm":49205,"minecraft:boat_one_cm":171900,"minecraft:total_world_time":485584,"minecraft:time_since_rest":6086,"minecraft:damage_taken":11268,"minecraft:swim_one_cm":43862,"minecraft:fly_one_cm":1042803,"minecraft:open_chest":172,"minecraft:fall_one_cm":161447},"minecraft:killed":{"minecraft:witch":1,"minecraft:spider":1,"minecraft:skeleton":2,"minecraft:chicken":7,"minecraft:pig":4,"minecraft:zombie_villager":1,"minecraft:sheep":19,"minecraft:pillager":2,"minecraft:zombie":15,"minecraft:cow":6,"minecraft:phantom":1,"livingthings:crab":1,"minecraft:husk":3,"minecraft:hoglin":1,"minecraft:squid":1,"minecraft:wither_skeleton":8},"minecraft:killed_by":{"minecraft:zombie_villager":2,"minecraft:wither_skeleton":4,"minecraft:hoglin":2,"minecraft:phantom":1}},"DataVersion":3953}