{"stats":{"minecraft:mined":{"minecraft:birch_planks":2,"croptopia:orange_crop":7,"minecraft:red_bed":1,"minecraft:mossy_cobblestone":8,"minecraft:birch_log":56,"minecraft:birch_leaves":3,"minecraft:moss_carpet":1,"minecraft:crafting_table":4,"minecraft:short_grass":21,"chococraft:gysahl_green":2,"minecraft:grass_block":3,"minecraft:oak_log":16,"minecraft:dirt":3,"minecraft:cobblestone":3,"minecraft:stone":15,"minecraft:sugar_cane":3},"minecraft:broken":{"minecraft:wooden_axe":1},"minecraft:picked_up":{"minecraft:birch_log":56,"minecraft:stick":6,"minecraft:crafting_table":4,"minecraft:birch_planks":2,"minecraft:oak_log":16,"chococraft:gysahl_green_seeds":2,"minecraft:gunpowder":2,"minecraft:red_bed":1,"minecraft:dirt":14,"minecraft:moss_carpet":2,"minecraft:mossy_cobblestone":8,"minecraft:bone":2,"minecraft:rotten_flesh":1,"chococraft:gysahl_green":5,"minecraft:wheat_seeds":3,"croptopia:orange":9,"minecraft:sugar_cane":7,"minecraft:birch_sapling":3,"minecraft:cobblestone":18,"minecraft:egg":1},"minecraft:crafted":{"minecraft:oak_planks":40,"minecraft:stone_shovel":1,"minecraft:crafting_table":2,"minecraft:stick":12,"minecraft:stone_pickaxe":1,"minecraft:wooden_pickaxe":2,"minecraft:wooden_axe":3,"minecraft:chest":1,"minecraft:furnace":1,"minecraft:birch_door":3,"minecraft:birch_stairs":4,"minecraft:birch_planks":188,"minecraft:stone_axe":1},"minecraft:used":{"minecraft:birch_door":2,"minecraft:wooden_axe":74,"minecraft:birch_planks":158,"minecraft:stone_shovel":3,"minecraft:chest":1,"minecraft:wooden_pickaxe":30,"minecraft:stone_axe":6,"minecraft:dirt":3,"minecraft:crafting_table":5,"minecraft:red_bed":1,"minecraft:furnace":1,"minecraft:birch_log":3,"chococraft:gysahl_green":3,"minecraft:egg":1,"croptopia:orange":5,"minecraft:birch_stairs":2},"minecraft:killed":{"minecraft:zombie":2,"minecraft:creeper":1},"minecraft:killed_by":{"minecraft:zombie_villager":2},"minecraft:custom":{"minecraft:time_since_rest":1952,"minecraft:interact_with_furnace":1,"minecraft:sprint_one_cm":122677,"minecraft:damage_taken":877,"minecraft:walk_one_cm":85426,"minecraft:mob_kills":3,"minecraft:damage_dealt":789,"minecraft:swim_one_cm":690,"minecraft:interact_with_crafting_table":18,"minecraft:fly_one_cm":117736,"minecraft:open_chest":5,"minecraft:crouch_one_cm":2464,"minecraft:play_time":37741,"minecraft:deaths":3,"minecraft:sneak_time":664,"minecraft:walk_under_water_one_cm":331,"minecraft:jump":590,"minecraft:leave_game":1,"minecraft:time_since_death":17558,"minecraft:walk_on_water_one_cm":1647,"minecraft:sleep_in_bed":2,"minecraft:total_world_time":37741,"minecraft:fall_one_cm":12982}},"DataVersion":3953}