{"stats":{"minecraft:mined":{"croptopia:orange_crop":7,"minecraft:red_bed":1,"minecraft:mossy_cobblestone":8,"minecraft:crafting_table":4,"minecraft:short_grass":22,"minecraft:grass_block":7,"minecraft:cobblestone":4,"minecraft:sugar_cane":3,"minecraft:wall_torch":1,"minecraft:birch_planks":2,"minecraft:birch_log":59,"minecraft:iron_ore":41,"minecraft:andesite":6,"minecraft:birch_leaves":3,"minecraft:moss_carpet":1,"minecraft:pointed_dripstone":6,"chococraft:gysahl_green":2,"minecraft:oak_log":16,"minecraft:coal_ore":47,"minecraft:gravel":6,"minecraft:dirt":3,"minecraft:stone":146},"minecraft:broken":{"minecraft:stone_pickaxe":1,"minecraft:wooden_axe":1},"minecraft:picked_up":{"minecraft:birch_log":59,"minecraft:crafting_table":4,"minecraft:andesite":6,"minecraft:birch_planks":2,"minecraft:oak_log":16,"minecraft:gunpowder":3,"minecraft:dirt":18,"minecraft:red_bed":1,"minecraft:moss_carpet":2,"minecraft:iron_leggings":1,"minecraft:bone":4,"chococraft:gysahl_green":5,"minecraft:wheat_seeds":4,"minecraft:diamond_helmet":1,"minecraft:sugar_cane":7,"minecraft:birch_sapling":4,"minecraft:egg":1,"minecraft:stick":6,"minecraft:raw_iron":41,"minecraft:torch":1,"minecraft:gravel":6,"chococraft:gysahl_green_seeds":2,"minecraft:pointed_dripstone":7,"minecraft:mossy_cobblestone":8,"minecraft:diamond_chestplate":1,"minecraft:rotten_flesh":1,"waystones:waystone":2,"minecraft:diamond_boots":1,"croptopia:orange":9,"minecraft:diamond_axe":1,"minecraft:golden_apple":6,"minecraft:black_wool":1,"minecraft:mutton":4,"minecraft:coal":45,"minecraft:white_wool":2,"minecraft:cobblestone":140,"minecraft:diamond_pickaxe":1},"minecraft:crafted":{"minecraft:oak_planks":40,"minecraft:stone_shovel":1,"minecraft:crafting_table":2,"minecraft:wooden_pickaxe":2,"minecraft:furnace":1,"minecraft:birch_planks":224,"minecraft:stone_axe":1,"minecraft:cooked_mutton":4,"minecraft:stick":28,"minecraft:stone_pickaxe":3,"minecraft:wooden_axe":3,"minecraft:chest":1,"minecraft:birch_door":3,"minecraft:torch":52,"minecraft:birch_stairs":4},"minecraft:used":{"minecraft:cooked_mutton":4,"minecraft:birch_planks":158,"minecraft:stone_shovel":8,"minecraft:stone_pickaxe":236,"minecraft:chest":1,"minecraft:wooden_pickaxe":30,"minecraft:torch":51,"minecraft:dirt":3,"minecraft:crafting_table":5,"minecraft:red_bed":1,"croptopia:orange":5,"minecraft:birch_door":2,"minecraft:wooden_axe":74,"minecraft:birch_sapling":1,"minecraft:stone_axe":19,"minecraft:cobblestone":18,"minecraft:furnace":1,"minecraft:birch_log":3,"chococraft:gysahl_green":3,"minecraft:egg":1,"minecraft:birch_stairs":2},"minecraft:killed":{"minecraft:creeper":2,"minecraft:skeleton":1,"minecraft:sheep":3,"minecraft:zombie":2},"minecraft:killed_by":{"minecraft:zombie_villager":2},"minecraft:custom":{"minecraft:interact_with_furnace":5,"minecraft:mob_kills":8,"minecraft:interact_with_crafting_table":21,"minecraft:leave_game":1,"minecraft:time_since_death":47558,"minecraft:sleep_in_bed":3,"minecraft:time_since_rest":17872,"minecraft:sprint_one_cm":153210,"minecraft:damage_taken":927,"minecraft:walk_one_cm":168908,"minecraft:damage_dealt":1429,"minecraft:swim_one_cm":690,"minecraft:fly_one_cm":126226,"minecraft:open_chest":6,"minecraft:crouch_one_cm":6193,"minecraft:play_time":67741,"minecraft:deaths":3,"minecraft:sneak_time":2303,"minecraft:walk_under_water_one_cm":331,"minecraft:jump":865,"minecraft:walk_on_water_one_cm":1700,"minecraft:total_world_time":67741,"minecraft:fall_one_cm":15553}},"DataVersion":3953}