{"stats":{"minecraft:picked_up":{"minecraft:raw_iron":2,"minecraft:crafting_table":2,"minecraft:pumpkin":2,"minecraft:torch":6,"minecraft:wooden_pickaxe":1,"minecraft:white_bed":1,"minecraft:spruce_log":5,"minecraft:dirt":9,"minecraft:diorite_stairs":1,"minecraft:red_bed":1,"minecraft:wheat_seeds":3,"minecraft:bread":3,"minecraft:coal":30,"minecraft:cobblestone":137,"minecraft:egg":1},"minecraft:used":{"minecraft:diorite_stairs":1,"minecraft:wheat_seeds":3,"minecraft:stone_pickaxe":134,"minecraft:baked_potato":3,"minecraft:spruce_planks":2,"minecraft:wooden_pickaxe":59,"minecraft:cooked_chicken":1,"minecraft:torch":15,"minecraft:cobblestone":2,"minecraft:crafting_table":3,"minecraft:red_bed":1,"minecraft:white_bed":1,"minecraft:egg":1},"minecraft:dropped":{"minecraft:wooden_pickaxe":1},"minecraft:broken":{"minecraft:stone_pickaxe":1,"minecraft:wooden_pickaxe":1},"minecraft:crafted":{"minecraft:crafting_table":1,"minecraft:iron_ingot":2,"minecraft:spruce_planks":20,"minecraft:stick":8,"minecraft:baked_potato":3,"minecraft:stone_pickaxe":1,"minecraft:wooden_pickaxe":1,"minecraft:cooked_chicken":1,"minecraft:torch":16,"minecraft:air":0},"minecraft:mined":{"minecraft:white_bed":1,"minecraft:red_bed":1,"minecraft:iron_ore":2,"minecraft:wheat":3,"minecraft:pumpkin":2,"minecraft:spruce_log":5,"minecraft:torch":2,"minecraft:crafting_table":2,"minecraft:grass_block":1,"minecraft:coal_ore":30,"minecraft:dirt":8,"minecraft:packed_ice":4,"minecraft:diorite_stairs":1,"minecraft:stone":142,"minecraft:wall_torch":4,"minecraft:fern":1},"minecraft:custom":{"minecraft:time_since_rest":16092,"minecraft:interact_with_furnace":3,"minecraft:sprint_one_cm":56563,"minecraft:damage_taken":150,"minecraft:walk_one_cm":82290,"minecraft:drop":1,"minecraft:fly_one_cm":33555,"minecraft:interact_with_crafting_table":4,"minecraft:open_chest":3,"minecraft:play_time":29467,"minecraft:jump":348,"minecraft:interact_with_blast_furnace":3,"minecraft:leave_game":3,"minecraft:time_since_death":29467,"minecraft:sleep_in_bed":1,"minecraft:total_world_time":29467,"minecraft:fall_one_cm":5366}},"DataVersion":3953}