{"stats":{"minecraft:mined":{"minecraft:white_bed":3,"minecraft:spruce_fence":1,"minecraft:grass_block":116,"minecraft:decorated_pot":10,"minecraft:spruce_leaves":119,"minecraft:diorite_stairs":1,"minecraft:hay_block":34,"minecraft:iron_ore":45,"minecraft:pumpkin":2,"minecraft:pointed_dripstone":1,"minecraft:lantern":1,"minecraft:packed_ice":4,"minecraft:stone":365,"minecraft:orange_bed":1,"minecraft:red_bed":3,"minecraft:snow_block":12,"minecraft:smoker":1,"minecraft:orange_terracotta":1,"minecraft:torch":6,"minecraft:crafting_table":6,"minecraft:short_grass":213,"minecraft:emerald_ore":2,"minecraft:calcite":1,"minecraft:melon":11,"minecraft:chest":1,"minecraft:tall_grass":6,"minecraft:lapis_ore":8,"minecraft:grindstone":1,"minecraft:oak_planks":1,"minecraft:wall_torch":9,"minecraft:birch_log":2,"minecraft:wheat":3,"minecraft:ice":149,"minecraft:spruce_log":13,"minecraft:coal_ore":59,"minecraft:oak_log":34,"minecraft:dirt":53,"minecraft:gravel":11,"minecraft:dripstone_block":1,"minecraft:terracotta":2,"minecraft:oak_leaves":5,"minecraft:fern":22,"minecraft:suspicious_gravel":2},"minecraft:killed_by":{"minecraft:zombie":4},"minecraft:dropped":{"minecraft:birch_planks":1,"minecraft:wheat_seeds":23,"minecraft:baked_potato":3,"minecraft:dirt":20,"minecraft:gravel":14,"minecraft:rotten_flesh":1,"minecraft:gunpowder":1,"minecraft:wooden_pickaxe":1,"minecraft:terracotta":2},"minecraft:picked_up":{"minecraft:wooden_axe":2,"minecraft:crafting_table":6,"minecraft:chicken":3,"minecraft:wooden_pickaxe":1,"minecraft:potion":1,"minecraft:enchanted_book":2,"minecraft:brick":61,"minecraft:red_bed":3,"minecraft:spruce_planks":7,"minecraft:oak_boat":1,"minecraft:redstone_torch":1,"minecraft:calcite":1,"minecraft:iron_pickaxe":2,"minecraft:melon_slice":60,"minecraft:chest":1,"minecraft:egg":1,"minecraft:stick":6,"minecraft:raw_iron":88,"minecraft:torch":27,"minecraft:snow_block":1,"minecraft:porkchop":4,"minecraft:pointed_dripstone":1,"minecraft:carrot":15,"minecraft:orange_bed":3,"minecraft:arrow":4,"minecraft:stone_shovel":1,"minecraft:rotten_flesh":3,"minecraft:decorated_pot":1,"minecraft:hay_block":50,"minecraft:saddle":1,"minecraft:mutton":8,"minecraft:white_wool":1,"minecraft:snowball":44,"minecraft:cobblestone":410,"minecraft:birch_log":3,"minecraft:jungle_log":4,"minecraft:smoker":2,"minecraft:potato":2,"minecraft:flint":16,"minecraft:oak_log":31,"minecraft:gunpowder":1,"minecraft:map":2,"minecraft:lapis_lazuli":56,"minecraft:dirt":157,"minecraft:diorite_stairs":1,"minecraft:paper":8,"minecraft:lantern":1,"minecraft:bone":6,"minecraft:wheat_seeds":74,"minecraft:iron_ingot":2,"minecraft:grindstone":2,"minecraft:stone_pickaxe":2,"minecraft:glass_bottle":2,"minecraft:oak_planks":26,"minecraft:pumpkin":4,"minecraft:spyglass":1,"minecraft:dripstone_block":1,"minecraft:gravel":16,"minecraft:spruce_sapling":6,"minecraft:white_bed":3,"minecraft:spruce_log":13,"minecraft:spider_eye":1,"minecraft:firework_rocket":7,"minecraft:spruce_boat":3,"minecraft:stone_axe":1,"minecraft:bread":18,"minecraft:emerald":8,"minecraft:terracotta":3,"minecraft:oak_sapling":1,"minecraft:coal":114},"minecraft:killed":{"minecraft:spider":1,"minecraft:chicken":1,"minecraft:pig":1,"minecraft:zombie":2},"minecraft:crafted":{"minecraft:oak_planks":86,"minecraft:stone_shovel":1,"minecraft:cooked_chicken":2,"minecraft:bone_meal":6,"minecraft:stone_pickaxe":3,"minecraft:cooked_rabbit":1,"minecraft:wheat":144,"minecraft:crafting_table":5,"minecraft:spruce_planks":52,"minecraft:baked_potato":3,"minecraft:wooden_pickaxe":3,"minecraft:birch_planks":8,"minecraft:stone_axe":1,"minecraft:bread":26,"minecraft:air":0,"minecraft:oak_boat":1,"minecraft:stick":28,"minecraft:iron_ingot":2,"minecraft:wooden_axe":1,"minecraft:torch":32},"minecraft:used":{"minecraft:diorite_stairs":1,"minecraft:stone_shovel":178,"minecraft:spruce_planks":2,"minecraft:cooked_chicken":2,"minecraft:orange_bed":1,"minecraft:torch":34,"minecraft:dirt":76,"minecraft:acacia_sapling":3,"minecraft:snowball":44,"minecraft:spruce_boat":2,"minecraft:wooden_axe":63,"minecraft:egg":1,"minecraft:wheat_seeds":3,"minecraft:stone_pickaxe":267,"minecraft:baked_potato":5,"minecraft:oak_planks":38,"minecraft:wooden_pickaxe":144,"minecraft:crafting_table":10,"minecraft:red_bed":3,"minecraft:white_bed":2,"minecraft:dripstone_block":1,"minecraft:smoker":1,"minecraft:bread":31,"minecraft:melon_slice":49,"minecraft:iron_pickaxe":40,"minecraft:stone_axe":28,"minecraft:cobblestone":53,"minecraft:potion":1,"minecraft:grindstone":1,"minecraft:oak_boat":1,"minecraft:bone_meal":6},"minecraft:broken":{"minecraft:wooden_pickaxe":2,"minecraft:stone_pickaxe":1,"minecraft:stone_axe":1,"minecraft:wooden_axe":1},"minecraft:custom":{"minecraft:mob_kills":6,"minecraft:interact_with_crafting_table":18,"minecraft:leave_game":6,"minecraft:time_since_death":21480,"minecraft:climb_one_cm":2810,"minecraft:sprint_one_cm":552245,"minecraft:walk_one_cm":376575,"minecraft:drop":13,"minecraft:talked_to_villager":3,"minecraft:play_time":175700,"minecraft:deaths":6,"minecraft:sneak_time":591,"minecraft:walk_under_water_one_cm":50098,"minecraft:boat_one_cm":642681,"minecraft:jump":2526,"minecraft:interact_with_blast_furnace":5,"minecraft:walk_on_water_one_cm":34738,"minecraft:total_world_time":175700,"minecraft:interact_with_furnace":4,"minecraft:interact_with_cartography_table":1,"minecraft:sleep_in_bed":7,"minecraft:time_since_rest":8495,"minecraft:damage_taken":4114,"minecraft:damage_dealt":1012,"minecraft:swim_one_cm":83479,"minecraft:fly_one_cm":332339,"minecraft:open_chest":32,"minecraft:crouch_one_cm":1672,"minecraft:interact_with_smoker":5,"minecraft:fall_one_cm":77520,"minecraft:horse_one_cm":3966}},"DataVersion":3953}