{"stats":{"minecraft:mined":{"minecraft:white_bed":1,"minecraft:red_bed":1,"minecraft:snow_block":12,"minecraft:torch":2,"minecraft:crafting_table":2,"minecraft:grass_block":25,"minecraft:spruce_fence":1,"minecraft:diorite_stairs":1,"minecraft:spruce_leaves":119,"minecraft:wall_torch":6,"minecraft:iron_ore":2,"minecraft:wheat":3,"minecraft:ice":149,"minecraft:spruce_log":13,"minecraft:pumpkin":2,"minecraft:coal_ore":30,"minecraft:lantern":1,"minecraft:dirt":48,"minecraft:packed_ice":4,"minecraft:stone":252,"minecraft:fern":1},"minecraft:killed_by":{"minecraft:zombie":2},"minecraft:custom":{"minecraft:interact_with_furnace":3,"minecraft:mob_kills":2,"minecraft:interact_with_crafting_table":5,"minecraft:leave_game":5,"minecraft:time_since_death":11318,"minecraft:sleep_in_bed":1,"minecraft:time_since_rest":11362,"minecraft:sprint_one_cm":78712,"minecraft:damage_taken":615,"minecraft:walk_one_cm":118534,"minecraft:drop":1,"minecraft:damage_dealt":536,"minecraft:swim_one_cm":1791,"minecraft:fly_one_cm":41271,"minecraft:open_chest":4,"minecraft:crouch_one_cm":109,"minecraft:play_time":45164,"minecraft:deaths":2,"minecraft:sneak_time":14,"minecraft:walk_under_water_one_cm":1134,"minecraft:jump":423,"minecraft:interact_with_blast_furnace":3,"minecraft:walk_on_water_one_cm":1746,"minecraft:total_world_time":45164,"minecraft:fall_one_cm":5993},"minecraft:picked_up":{"minecraft:wooden_axe":1,"minecraft:crafting_table":2,"minecraft:wooden_pickaxe":1,"minecraft:diorite_stairs":1,"minecraft:dirt":31,"minecraft:red_bed":1,"minecraft:lantern":1,"minecraft:wheat_seeds":3,"minecraft:spruce_planks":7,"minecraft:iron_ingot":2,"minecraft:egg":1,"minecraft:stick":2,"minecraft:raw_iron":2,"minecraft:pumpkin":4,"minecraft:torch":15,"minecraft:white_bed":1,"minecraft:spruce_log":13,"minecraft:rotten_flesh":2,"minecraft:bread":6,"minecraft:coal":53,"minecraft:snowball":44,"minecraft:cobblestone":253},"minecraft:dropped":{"minecraft:wooden_pickaxe":1},"minecraft:broken":{"minecraft:stone_pickaxe":1,"minecraft:wooden_pickaxe":1},"minecraft:killed":{"minecraft:zombie":2},"minecraft:used":{"minecraft:diorite_stairs":1,"minecraft:wheat_seeds":3,"minecraft:stone_pickaxe":144,"minecraft:baked_potato":3,"minecraft:spruce_planks":2,"minecraft:wooden_pickaxe":59,"minecraft:cooked_chicken":1,"minecraft:torch":15,"minecraft:crafting_table":3,"minecraft:red_bed":1,"minecraft:white_bed":1,"minecraft:wooden_axe":16,"minecraft:cobblestone":2,"minecraft:egg":1},"minecraft:crafted":{"minecraft:crafting_table":1,"minecraft:spruce_planks":52,"minecraft:wooden_pickaxe":1,"minecraft:cooked_chicken":1,"minecraft:baked_potato":3,"minecraft:air":0,"minecraft:stick":8,"minecraft:iron_ingot":2,"minecraft:stone_pickaxe":2,"minecraft:torch":16}},"DataVersion":3953}