{"stats":{"minecraft:mined":{"minecraft:white_bed":3,"minecraft:cherry_log":32,"minecraft:stripped_cherry_log":1,"minecraft:grass_block":440,"minecraft:spruce_fence":1,"minecraft:decorated_pot":10,"minecraft:diorite_stairs":1,"minecraft:spruce_leaves":131,"minecraft:hay_block":34,"minecraft:iron_ore":45,"minecraft:pumpkin":2,"minecraft:bell":2,"minecraft:pointed_dripstone":1,"minecraft:oak_stairs":6,"minecraft:lantern":1,"minecraft:packed_ice":4,"minecraft:stone":365,"minecraft:orange_bed":1,"minecraft:cherry_planks":10,"minecraft:red_bed":3,"minecraft:smoker":1,"minecraft:snow_block":12,"minecraft:orange_terracotta":1,"minecraft:crafting_table":6,"minecraft:torch":6,"minecraft:short_grass":296,"minecraft:emerald_ore":2,"minecraft:calcite":1,"minecraft:melon":11,"minecraft:chest":3,"minecraft:tall_grass":10,"minecraft:grindstone":1,"minecraft:lapis_ore":8,"minecraft:oak_planks":5,"minecraft:wall_torch":9,"minecraft:birch_log":2,"minecraft:wheat":3,"minecraft:ice":149,"minecraft:lilac":1,"minecraft:spruce_log":23,"minecraft:oak_log":131,"minecraft:coal_ore":59,"minecraft:cherry_leaves":2,"minecraft:sunflower":1,"minecraft:gravel":11,"minecraft:dripstone_block":1,"minecraft:dirt":150,"minecraft:terracotta":2,"minecraft:oak_leaves":35,"minecraft:fern":22,"minecraft:suspicious_gravel":2},"minecraft:killed_by":{"minecraft:spider":1,"minecraft:zombie":5},"minecraft:dropped":{"minecraft:birch_planks":1,"minecraft:wheat_seeds":23,"minecraft:oak_log":1,"minecraft:baked_potato":3,"minecraft:dirt":20,"minecraft:gravel":14,"minecraft:stone_axe":1,"minecraft:rotten_flesh":1,"minecraft:gunpowder":1,"minecraft:wooden_pickaxe":1,"minecraft:terracotta":2},"minecraft:picked_up":{"minecraft:wooden_axe":2,"minecraft:crafting_table":6,"minecraft:chicken":3,"minecraft:wooden_pickaxe":1,"minecraft:oak_stairs":6,"minecraft:enchanted_book":2,"minecraft:potion":1,"minecraft:stripped_cherry_log":1,"minecraft:brick":77,"minecraft:red_bed":3,"minecraft:spruce_planks":7,"minecraft:redstone_torch":1,"minecraft:oak_boat":2,"minecraft:calcite":1,"minecraft:iron_pickaxe":3,"minecraft:melon_slice":60,"minecraft:chest":3,"minecraft:egg":4,"minecraft:stick":26,"minecraft:raw_iron":88,"minecraft:torch":32,"minecraft:porkchop":4,"minecraft:snow_block":1,"minecraft:cherry_log":32,"minecraft:pointed_dripstone":1,"minecraft:carrot":25,"minecraft:orange_bed":3,"minecraft:arrow":6,"minecraft:rotten_flesh":7,"minecraft:stone_shovel":2,"minecraft:decorated_pot":1,"minecraft:hay_block":50,"minecraft:saddle":1,"minecraft:mutton":8,"minecraft:cobblestone":457,"minecraft:snowball":44,"minecraft:white_wool":2,"minecraft:birch_log":3,"minecraft:lilac":1,"minecraft:cherry_planks":10,"minecraft:jungle_log":4,"minecraft:smoker":2,"minecraft:potato":3,"minecraft:flint":30,"minecraft:oak_log":139,"minecraft:gunpowder":1,"minecraft:paper":8,"minecraft:diorite_stairs":1,"minecraft:map":2,"minecraft:lapis_lazuli":56,"minecraft:dirt":583,"minecraft:lantern":1,"minecraft:bone":6,"minecraft:apple":3,"minecraft:wheat_seeds":104,"minecraft:bell":2,"minecraft:stone_pickaxe":3,"minecraft:grindstone":2,"minecraft:iron_ingot":2,"minecraft:glass_bottle":3,"minecraft:oak_planks":36,"minecraft:pumpkin":4,"minecraft:dandelion":1,"minecraft:spyglass":1,"minecraft:dripstone_block":1,"minecraft:gravel":16,"minecraft:spruce_sapling":6,"minecraft:white_bed":3,"minecraft:spruce_log":23,"minecraft:spider_eye":1,"minecraft:firework_rocket":8,"minecraft:stone_axe":3,"minecraft:spruce_boat":3,"minecraft:cherry_sapling":10,"minecraft:emerald":14,"minecraft:bread":42,"minecraft:terracotta":3,"minecraft:oak_sapling":7,"minecraft:diamond_pickaxe":1,"minecraft:sunflower":3,"minecraft:coal":114},"minecraft:killed":{"minecraft:spider":1,"minecraft:chicken":1,"minecraft:pig":1,"minecraft:zombie":3},"minecraft:crafted":{"minecraft:cherry_planks":128,"minecraft:oak_door":3,"minecraft:oak_planks":546,"minecraft:stone_shovel":1,"minecraft:iron_nugget":18,"minecraft:cooked_chicken":2,"minecraft:bone_meal":6,"minecraft:lantern":2,"minecraft:iron_axe":2,"minecraft:cherry_stairs":4,"minecraft:stone_pickaxe":3,"minecraft:chest":4,"minecraft:magenta_dye":2,"minecraft:cooked_rabbit":1,"minecraft:wheat":144,"minecraft:crafting_table":5,"minecraft:spruce_planks":52,"minecraft:wooden_pickaxe":3,"minecraft:baked_potato":3,"minecraft:birch_planks":8,"minecraft:stone_axe":1,"minecraft:bread":26,"minecraft:air":0,"minecraft:oak_boat":1,"minecraft:stick":32,"minecraft:iron_ingot":42,"minecraft:oak_stairs":192,"minecraft:wooden_axe":1,"minecraft:iron_shovel":2,"minecraft:torch":32},"minecraft:used":{"minecraft:diorite_stairs":1,"minecraft:cherry_sapling":10,"minecraft:iron_shovel":422,"minecraft:stone_shovel":201,"minecraft:chest":6,"minecraft:spruce_planks":2,"minecraft:bell":2,"minecraft:cooked_chicken":2,"minecraft:oak_door":2,"minecraft:orange_bed":1,"minecraft:torch":34,"minecraft:dirt":199,"minecraft:acacia_sapling":3,"minecraft:snowball":44,"minecraft:spruce_boat":2,"minecraft:wooden_axe":63,"minecraft:lantern":2,"minecraft:iron_axe":81,"minecraft:oak_stairs":198,"minecraft:oak_sapling":6,"minecraft:egg":1,"minecraft:cherry_log":10,"minecraft:wheat_seeds":3,"minecraft:baked_potato":5,"minecraft:stone_pickaxe":269,"minecraft:oak_planks":186,"minecraft:wooden_pickaxe":144,"minecraft:cherry_planks":106,"minecraft:crafting_table":10,"minecraft:red_bed":3,"minecraft:white_bed":2,"minecraft:dripstone_block":1,"minecraft:spruce_log":5,"minecraft:smoker":1,"minecraft:oak_log":1,"minecraft:apple":1,"minecraft:bread":40,"minecraft:melon_slice":49,"minecraft:iron_pickaxe":40,"minecraft:stone_axe":154,"minecraft:cherry_stairs":2,"minecraft:cobblestone":53,"minecraft:potion":1,"minecraft:grindstone":1,"minecraft:oak_boat":1,"minecraft:bone_meal":6},"minecraft:broken":{"minecraft:iron_shovel":1,"minecraft:wooden_pickaxe":2,"minecraft:stone_pickaxe":1,"minecraft:stone_axe":2,"minecraft:wooden_axe":1,"minecraft:stone_shovel":1},"minecraft:custom":{"minecraft:mob_kills":7,"minecraft:interact_with_crafting_table":44,"minecraft:leave_game":7,"minecraft:time_since_death":85187,"minecraft:climb_one_cm":2810,"minecraft:sprint_one_cm":791976,"minecraft:walk_one_cm":618258,"minecraft:drop":15,"minecraft:talked_to_villager":3,"minecraft:play_time":265209,"minecraft:deaths":8,"minecraft:sneak_time":1670,"minecraft:walk_under_water_one_cm":50276,"minecraft:boat_one_cm":642681,"minecraft:jump":3252,"minecraft:interact_with_blast_furnace":5,"minecraft:walk_on_water_one_cm":36065,"minecraft:total_world_time":265209,"minecraft:interact_with_furnace":5,"minecraft:interact_with_cartography_table":1,"minecraft:sleep_in_bed":15,"minecraft:time_since_rest":6405,"minecraft:damage_taken":4834,"minecraft:damage_dealt":1323,"minecraft:swim_one_cm":85044,"minecraft:fly_one_cm":462437,"minecraft:open_chest":55,"minecraft:crouch_one_cm":2521,"minecraft:interact_with_smoker":5,"minecraft:fall_one_cm":93903,"minecraft:horse_one_cm":3966}},"DataVersion":3953}