{"stats":{"minecraft:picked_up":{"minecraft:crafting_table":2,"minecraft:white_bed":1,"minecraft:spruce_log":5,"minecraft:red_bed":1,"minecraft:dirt":1,"minecraft:coal":30,"minecraft:cobblestone":29,"minecraft:egg":1},"minecraft:used":{"minecraft:crafting_table":3,"minecraft:stone_pickaxe":41,"minecraft:white_bed":1,"minecraft:wooden_pickaxe":21,"minecraft:spruce_planks":2,"minecraft:egg":1},"minecraft:crafted":{"minecraft:crafting_table":1,"minecraft:spruce_planks":20,"minecraft:stick":4,"minecraft:wooden_pickaxe":1,"minecraft:stone_pickaxe":1},"minecraft:mined":{"minecraft:grass_block":1,"minecraft:coal_ore":30,"minecraft:white_bed":1,"minecraft:red_bed":1,"minecraft:spruce_log":5,"minecraft:stone":29,"minecraft:fern":1,"minecraft:crafting_table":2},"minecraft:custom":{"minecraft:time_since_rest":4092,"minecraft:open_chest":2,"minecraft:sprint_one_cm":30570,"minecraft:play_time":17467,"minecraft:damage_taken":140,"minecraft:walk_one_cm":54292,"minecraft:jump":169,"minecraft:sleep_in_bed":1,"minecraft:interact_with_blast_furnace":2,"minecraft:leave_game":3,"minecraft:time_since_death":17467,"minecraft:total_world_time":17467,"minecraft:interact_with_crafting_table":4,"minecraft:fall_one_cm":4284,"minecraft:fly_one_cm":20455}},"DataVersion":3953}