{"stats":{"minecraft:mined":{"minecraft:white_bed":3,"minecraft:cherry_log":32,"minecraft:stripped_cherry_log":1,"minecraft:granite":2,"minecraft:grass_block":450,"minecraft:spruce_fence":1,"minecraft:decorated_pot":10,"minecraft:spruce_leaves":131,"minecraft:diorite_stairs":1,"minecraft:hay_block":34,"minecraft:magma_block":4,"minecraft:iron_ore":74,"minecraft:pumpkin":2,"minecraft:bell":2,"minecraft:pointed_dripstone":1,"minecraft:oak_stairs":7,"minecraft:lantern":1,"minecraft:packed_ice":4,"minecraft:stone":375,"minecraft:orange_bed":1,"minecraft:cherry_planks":10,"minecraft:red_bed":8,"minecraft:smoker":1,"minecraft:snow_block":12,"minecraft:orange_terracotta":1,"minecraft:crafting_table":6,"minecraft:torch":6,"minecraft:short_grass":300,"minecraft:emerald_ore":2,"minecraft:calcite":1,"minecraft:melon":11,"minecraft:chest":3,"minecraft:tall_grass":10,"minecraft:lapis_ore":11,"minecraft:grindstone":1,"minecraft:sugar_cane":3,"minecraft:oak_planks":5,"minecraft:wall_torch":9,"minecraft:birch_log":2,"minecraft:wheat":3,"minecraft:ice":149,"minecraft:lilac":1,"minecraft:spruce_log":23,"minecraft:oak_log":143,"minecraft:coal_ore":62,"minecraft:cherry_leaves":2,"minecraft:sunflower":1,"minecraft:gravel":11,"minecraft:dripstone_block":1,"minecraft:dirt":156,"minecraft:terracotta":2,"minecraft:deepslate":6,"minecraft:oak_leaves":35,"minecraft:fern":22,"minecraft:suspicious_gravel":2},"minecraft:killed_by":{"minecraft:spider":1,"minecraft:skeleton":1,"minecraft:zombie":5},"minecraft:dropped":{"minecraft:birch_planks":1,"minecraft:wheat_seeds":23,"minecraft:cherry_log":25,"minecraft:oak_log":31,"minecraft:baked_potato":3,"minecraft:crafting_table":1,"minecraft:cobblestone":64,"minecraft:dirt":20,"minecraft:torch":16,"minecraft:iron_axe":2,"minecraft:gravel":14,"minecraft:stone_axe":1,"minecraft:cherry_sapling":1,"minecraft:rotten_flesh":1,"minecraft:oak_planks":48,"minecraft:shield":1,"minecraft:gunpowder":1,"minecraft:diamond_pickaxe":1,"minecraft:spruce_log":72,"minecraft:wooden_pickaxe":1,"minecraft:terracotta":2},"minecraft:picked_up":{"minecraft:wooden_axe":2,"minecraft:crafting_table":7,"minecraft:chicken":3,"minecraft:wooden_pickaxe":1,"minecraft:oak_stairs":7,"minecraft:potion":1,"minecraft:enchanted_book":2,"minecraft:stripped_cherry_log":1,"minecraft:shield":1,"minecraft:brick":77,"minecraft:red_bed":8,"minecraft:iron_axe":4,"minecraft:iron_shovel":1,"minecraft:cobbled_deepslate":6,"minecraft:spruce_planks":7,"minecraft:player_head":1,"minecraft:oak_boat":3,"minecraft:redstone_torch":1,"minecraft:calcite":1,"minecraft:iron_pickaxe":4,"minecraft:sugar_cane":3,"minecraft:melon_slice":60,"minecraft:chest":3,"minecraft:egg":4,"minecraft:stick":28,"minecraft:raw_iron":117,"minecraft:torch":48,"minecraft:snow_block":1,"minecraft:porkchop":4,"minecraft:cherry_log":81,"minecraft:pointed_dripstone":1,"minecraft:carrot":25,"minecraft:orange_bed":3,"minecraft:arrow":11,"minecraft:rotten_flesh":10,"minecraft:stone_shovel":2,"minecraft:decorated_pot":1,"minecraft:hay_block":50,"minecraft:saddle":1,"minecraft:mutton":8,"minecraft:snowball":44,"minecraft:white_wool":2,"minecraft:cobblestone":596,"minecraft:birch_log":3,"minecraft:magma_block":4,"minecraft:lilac":1,"minecraft:cherry_planks":10,"minecraft:glow_ink_sac":3,"minecraft:water_bucket":1,"minecraft:jungle_log":4,"minecraft:smoker":2,"minecraft:potato":3,"minecraft:flint":30,"minecraft:oak_log":181,"minecraft:gunpowder":1,"minecraft:lapis_lazuli":76,"minecraft:dirt":639,"minecraft:map":2,"minecraft:paper":8,"minecraft:diorite_stairs":1,"minecraft:lantern":1,"minecraft:bone":14,"minecraft:apple":4,"minecraft:bow":1,"minecraft:wheat_seeds":104,"minecraft:bell":2,"minecraft:grindstone":2,"minecraft:iron_ingot":32,"minecraft:stone_pickaxe":4,"minecraft:glass_bottle":3,"minecraft:oak_planks":84,"minecraft:pumpkin":4,"minecraft:dandelion":1,"minecraft:spyglass":1,"minecraft:dripstone_block":1,"minecraft:gravel":16,"minecraft:spruce_sapling":6,"minecraft:white_bed":3,"minecraft:spruce_log":95,"minecraft:spider_eye":1,"minecraft:firework_rocket":8,"minecraft:spruce_boat":3,"minecraft:stone_axe":3,"minecraft:granite":1,"minecraft:cherry_sapling":11,"minecraft:emerald":14,"minecraft:bread":60,"minecraft:terracotta":3,"minecraft:oak_sapling":10,"minecraft:sunflower":3,"minecraft:coal":117,"minecraft:diamond_pickaxe":2},"minecraft:killed":{"minecraft:spider":1,"minecraft:skeleton":2,"minecraft:chicken":1,"minecraft:pig":1,"minecraft:zombie":5},"minecraft:crafted":{"minecraft:cherry_planks":128,"minecraft:oak_door":3,"minecraft:oak_planks":602,"minecraft:stone_shovel":1,"minecraft:iron_nugget":36,"minecraft:cooked_chicken":2,"minecraft:bone_meal":6,"minecraft:lantern":4,"minecraft:iron_boots":1,"minecraft:iron_axe":2,"minecraft:cherry_stairs":4,"minecraft:stone_pickaxe":3,"minecraft:chest":4,"minecraft:magenta_dye":2,"minecraft:cooked_rabbit":1,"minecraft:wheat":144,"minecraft:crafting_table":6,"minecraft:spruce_planks":60,"minecraft:iron_helmet":1,"minecraft:baked_potato":3,"minecraft:wooden_pickaxe":3,"minecraft:iron_sword":1,"minecraft:birch_planks":8,"minecraft:stone_axe":1,"minecraft:bread":26,"minecraft:air":0,"minecraft:oak_boat":1,"minecraft:iron_chestplate":1,"minecraft:shield":1,"minecraft:stick":36,"minecraft:iron_ingot":42,"minecraft:iron_pickaxe":1,"minecraft:oak_stairs":212,"minecraft:wooden_axe":1,"minecraft:iron_shovel":2,"minecraft:iron_leggings":1,"minecraft:torch":32},"minecraft:used":{"minecraft:diorite_stairs":1,"minecraft:cherry_sapling":10,"minecraft:iron_shovel":438,"minecraft:stone_shovel":201,"minecraft:chest":6,"minecraft:spruce_planks":2,"minecraft:shield":21,"minecraft:iron_sword":13,"minecraft:bell":2,"minecraft:cooked_chicken":2,"minecraft:oak_door":2,"minecraft:orange_bed":1,"minecraft:torch":34,"minecraft:dirt":254,"minecraft:acacia_sapling":3,"minecraft:snowball":44,"minecraft:spruce_boat":2,"minecraft:wooden_axe":63,"minecraft:lantern":4,"minecraft:iron_axe":105,"minecraft:oak_stairs":217,"minecraft:bow":1,"minecraft:oak_sapling":9,"minecraft:egg":1,"minecraft:cherry_log":10,"minecraft:wheat_seeds":3,"minecraft:baked_potato":5,"minecraft:stone_pickaxe":294,"minecraft:oak_planks":186,"minecraft:wooden_pickaxe":144,"minecraft:sugar_cane":3,"minecraft:cherry_planks":106,"minecraft:crafting_table":11,"minecraft:red_bed":7,"minecraft:white_bed":2,"minecraft:dripstone_block":1,"minecraft:spruce_log":5,"minecraft:smoker":1,"minecraft:oak_log":1,"minecraft:apple":3,"minecraft:bread":50,"minecraft:melon_slice":49,"minecraft:iron_pickaxe":72,"minecraft:stone_axe":154,"minecraft:cobblestone":63,"minecraft:potion":1,"minecraft:cherry_stairs":2,"minecraft:grindstone":1,"minecraft:oak_boat":1,"minecraft:bone_meal":6},"minecraft:broken":{"minecraft:iron_shovel":1,"minecraft:wooden_pickaxe":2,"minecraft:stone_pickaxe":2,"minecraft:stone_axe":2,"minecraft:wooden_axe":1,"minecraft:stone_shovel":1},"minecraft:custom":{"minecraft:mob_kills":11,"minecraft:interact_with_crafting_table":54,"minecraft:leave_game":8,"minecraft:time_since_death":25698,"minecraft:climb_one_cm":2810,"minecraft:sprint_one_cm":918406,"minecraft:walk_one_cm":702672,"minecraft:damage_blocked_by_shield":1318,"minecraft:drop":29,"minecraft:talked_to_villager":3,"minecraft:play_time":301162,"minecraft:deaths":9,"minecraft:sneak_time":1745,"minecraft:walk_under_water_one_cm":60841,"minecraft:boat_one_cm":642681,"minecraft:jump":3664,"minecraft:interact_with_blast_furnace":5,"minecraft:walk_on_water_one_cm":54304,"minecraft:total_world_time":301162,"minecraft:interact_with_furnace":5,"minecraft:interact_with_cartography_table":1,"minecraft:sleep_in_bed":18,"minecraft:time_since_rest":12134,"minecraft:damage_taken":5488,"minecraft:damage_dealt":2137,"minecraft:swim_one_cm":105449,"minecraft:fly_one_cm":542368,"minecraft:open_chest":71,"minecraft:crouch_one_cm":2693,"minecraft:interact_with_smoker":5,"minecraft:fall_one_cm":101066,"minecraft:horse_one_cm":3966}},"DataVersion":3953}