{"stats":{"minecraft:mined":{"minecraft:white_bed":1,"minecraft:red_bed":1,"minecraft:iron_ore":2,"minecraft:wheat":3,"minecraft:spruce_log":5,"minecraft:pumpkin":2,"minecraft:crafting_table":2,"minecraft:torch":2,"minecraft:grass_block":1,"minecraft:coal_ore":30,"minecraft:dirt":8,"minecraft:packed_ice":4,"minecraft:diorite_stairs":1,"minecraft:stone":142,"minecraft:wall_torch":4,"minecraft:fern":1},"minecraft:killed_by":{"minecraft:zombie":2},"minecraft:custom":{"minecraft:time_since_rest":3936,"minecraft:interact_with_furnace":3,"minecraft:sprint_one_cm":69757,"minecraft:damage_taken":615,"minecraft:walk_one_cm":103763,"minecraft:mob_kills":2,"minecraft:drop":1,"minecraft:damage_dealt":536,"minecraft:interact_with_crafting_table":4,"minecraft:fly_one_cm":38043,"minecraft:open_chest":4,"minecraft:play_time":37738,"minecraft:deaths":2,"minecraft:jump":389,"minecraft:interact_with_blast_furnace":3,"minecraft:leave_game":5,"minecraft:time_since_death":3892,"minecraft:sleep_in_bed":1,"minecraft:total_world_time":37738,"minecraft:fall_one_cm":5575},"minecraft:picked_up":{"minecraft:wooden_axe":1,"minecraft:raw_iron":2,"minecraft:crafting_table":2,"minecraft:pumpkin":4,"minecraft:torch":13,"minecraft:wooden_pickaxe":1,"minecraft:white_bed":1,"minecraft:spruce_log":5,"minecraft:red_bed":1,"minecraft:dirt":9,"minecraft:diorite_stairs":1,"minecraft:rotten_flesh":1,"minecraft:wheat_seeds":3,"minecraft:spruce_planks":7,"minecraft:iron_ingot":2,"minecraft:bread":6,"minecraft:coal":53,"minecraft:cobblestone":205,"minecraft:egg":1},"minecraft:dropped":{"minecraft:wooden_pickaxe":1},"minecraft:broken":{"minecraft:stone_pickaxe":1,"minecraft:wooden_pickaxe":1},"minecraft:killed":{"minecraft:zombie":2},"minecraft:used":{"minecraft:wheat_seeds":3,"minecraft:wooden_axe":16,"minecraft:stone_pickaxe":134,"minecraft:baked_potato":3,"minecraft:wooden_pickaxe":59,"minecraft:spruce_planks":2,"minecraft:cooked_chicken":1,"minecraft:torch":15,"minecraft:cobblestone":2,"minecraft:crafting_table":3,"minecraft:red_bed":1,"minecraft:white_bed":1,"minecraft:egg":1,"minecraft:diorite_stairs":1},"minecraft:crafted":{"minecraft:crafting_table":1,"minecraft:spruce_planks":20,"minecraft:stick":8,"minecraft:wooden_pickaxe":1,"minecraft:iron_ingot":2,"minecraft:baked_potato":3,"minecraft:cooked_chicken":1,"minecraft:stone_pickaxe":1,"minecraft:torch":16,"minecraft:air":0}},"DataVersion":3953}