{"stats":{"minecraft:mined":{"minecraft:white_bed":3,"minecraft:cherry_log":11,"minecraft:stripped_cherry_log":1,"minecraft:grass_block":434,"minecraft:spruce_fence":1,"minecraft:decorated_pot":10,"minecraft:diorite_stairs":1,"minecraft:spruce_leaves":121,"minecraft:hay_block":34,"minecraft:iron_ore":45,"minecraft:pumpkin":2,"minecraft:pointed_dripstone":1,"minecraft:lantern":1,"minecraft:packed_ice":4,"minecraft:stone":365,"minecraft:orange_bed":1,"minecraft:cherry_planks":3,"minecraft:red_bed":3,"minecraft:smoker":1,"minecraft:snow_block":12,"minecraft:orange_terracotta":1,"minecraft:crafting_table":6,"minecraft:torch":6,"minecraft:short_grass":292,"minecraft:emerald_ore":2,"minecraft:calcite":1,"minecraft:melon":11,"minecraft:chest":3,"minecraft:tall_grass":9,"minecraft:grindstone":1,"minecraft:lapis_ore":8,"minecraft:oak_planks":3,"minecraft:wall_torch":9,"minecraft:birch_log":2,"minecraft:wheat":3,"minecraft:ice":149,"minecraft:lilac":1,"minecraft:spruce_log":18,"minecraft:oak_log":96,"minecraft:coal_ore":59,"minecraft:sunflower":1,"minecraft:gravel":11,"minecraft:dripstone_block":1,"minecraft:dirt":145,"minecraft:terracotta":2,"minecraft:oak_leaves":20,"minecraft:fern":22,"minecraft:suspicious_gravel":2},"minecraft:killed_by":{"minecraft:spider":1,"minecraft:zombie":5},"minecraft:dropped":{"minecraft:birch_planks":1,"minecraft:wheat_seeds":23,"minecraft:baked_potato":3,"minecraft:dirt":20,"minecraft:gravel":14,"minecraft:stone_axe":1,"minecraft:rotten_flesh":1,"minecraft:gunpowder":1,"minecraft:wooden_pickaxe":1,"minecraft:terracotta":2},"minecraft:picked_up":{"minecraft:wooden_axe":2,"minecraft:crafting_table":6,"minecraft:chicken":3,"minecraft:wooden_pickaxe":1,"minecraft:enchanted_book":2,"minecraft:potion":1,"minecraft:stripped_cherry_log":1,"minecraft:brick":77,"minecraft:red_bed":3,"minecraft:spruce_planks":7,"minecraft:redstone_torch":1,"minecraft:oak_boat":2,"minecraft:calcite":1,"minecraft:iron_pickaxe":3,"minecraft:melon_slice":60,"minecraft:chest":3,"minecraft:egg":2,"minecraft:stick":20,"minecraft:raw_iron":88,"minecraft:torch":32,"minecraft:porkchop":4,"minecraft:snow_block":1,"minecraft:cherry_log":11,"minecraft:pointed_dripstone":1,"minecraft:carrot":25,"minecraft:orange_bed":3,"minecraft:arrow":6,"minecraft:rotten_flesh":5,"minecraft:stone_shovel":2,"minecraft:decorated_pot":1,"minecraft:hay_block":50,"minecraft:saddle":1,"minecraft:mutton":8,"minecraft:cobblestone":457,"minecraft:snowball":44,"minecraft:white_wool":2,"minecraft:birch_log":3,"minecraft:lilac":1,"minecraft:cherry_planks":3,"minecraft:jungle_log":4,"minecraft:smoker":2,"minecraft:potato":3,"minecraft:flint":30,"minecraft:oak_log":103,"minecraft:gunpowder":1,"minecraft:paper":8,"minecraft:diorite_stairs":1,"minecraft:map":2,"minecraft:lapis_lazuli":56,"minecraft:dirt":566,"minecraft:lantern":1,"minecraft:bone":6,"minecraft:apple":1,"minecraft:wheat_seeds":102,"minecraft:stone_pickaxe":3,"minecraft:grindstone":2,"minecraft:iron_ingot":2,"minecraft:glass_bottle":3,"minecraft:oak_planks":34,"minecraft:pumpkin":4,"minecraft:spyglass":1,"minecraft:dripstone_block":1,"minecraft:gravel":16,"minecraft:spruce_sapling":6,"minecraft:white_bed":3,"minecraft:spruce_log":18,"minecraft:spider_eye":1,"minecraft:firework_rocket":8,"minecraft:stone_axe":3,"minecraft:spruce_boat":3,"minecraft:emerald":14,"minecraft:bread":42,"minecraft:terracotta":3,"minecraft:oak_sapling":6,"minecraft:sunflower":2,"minecraft:coal":114},"minecraft:killed":{"minecraft:spider":1,"minecraft:chicken":1,"minecraft:pig":1,"minecraft:zombie":3},"minecraft:crafted":{"minecraft:cherry_planks":48,"minecraft:oak_planks":414,"minecraft:stone_shovel":1,"minecraft:cooked_chicken":2,"minecraft:bone_meal":6,"minecraft:iron_axe":2,"minecraft:stone_pickaxe":3,"minecraft:chest":4,"minecraft:cooked_rabbit":1,"minecraft:wheat":144,"minecraft:crafting_table":5,"minecraft:spruce_planks":52,"minecraft:wooden_pickaxe":3,"minecraft:baked_potato":3,"minecraft:birch_planks":8,"minecraft:stone_axe":1,"minecraft:bread":26,"minecraft:air":0,"minecraft:oak_boat":1,"minecraft:stick":32,"minecraft:iron_ingot":42,"minecraft:oak_stairs":12,"minecraft:wooden_axe":1,"minecraft:iron_shovel":2,"minecraft:torch":32},"minecraft:used":{"minecraft:diorite_stairs":1,"minecraft:iron_shovel":411,"minecraft:stone_shovel":201,"minecraft:chest":6,"minecraft:spruce_planks":2,"minecraft:cooked_chicken":2,"minecraft:orange_bed":1,"minecraft:torch":34,"minecraft:dirt":194,"minecraft:acacia_sapling":3,"minecraft:snowball":44,"minecraft:spruce_boat":2,"minecraft:wooden_axe":63,"minecraft:oak_stairs":8,"minecraft:oak_sapling":5,"minecraft:egg":1,"minecraft:wheat_seeds":3,"minecraft:baked_potato":5,"minecraft:stone_pickaxe":267,"minecraft:oak_planks":176,"minecraft:wooden_pickaxe":144,"minecraft:cherry_planks":43,"minecraft:crafting_table":10,"minecraft:red_bed":3,"minecraft:white_bed":2,"minecraft:dripstone_block":1,"minecraft:spruce_log":4,"minecraft:smoker":1,"minecraft:oak_log":1,"minecraft:apple":1,"minecraft:bread":33,"minecraft:melon_slice":49,"minecraft:iron_pickaxe":40,"minecraft:stone_axe":133,"minecraft:cobblestone":53,"minecraft:potion":1,"minecraft:grindstone":1,"minecraft:oak_boat":1,"minecraft:bone_meal":6},"minecraft:broken":{"minecraft:iron_shovel":1,"minecraft:wooden_pickaxe":2,"minecraft:stone_pickaxe":1,"minecraft:stone_axe":1,"minecraft:wooden_axe":1,"minecraft:stone_shovel":1},"minecraft:custom":{"minecraft:mob_kills":7,"minecraft:interact_with_crafting_table":27,"minecraft:leave_game":7,"minecraft:time_since_death":37187,"minecraft:climb_one_cm":2810,"minecraft:sprint_one_cm":648823,"minecraft:walk_one_cm":491499,"minecraft:drop":14,"minecraft:talked_to_villager":3,"minecraft:play_time":217209,"minecraft:deaths":8,"minecraft:sneak_time":1536,"minecraft:walk_under_water_one_cm":50276,"minecraft:boat_one_cm":642681,"minecraft:jump":2794,"minecraft:interact_with_blast_furnace":5,"minecraft:walk_on_water_one_cm":36065,"minecraft:total_world_time":217209,"minecraft:interact_with_furnace":5,"minecraft:interact_with_cartography_table":1,"minecraft:sleep_in_bed":10,"minecraft:time_since_rest":12269,"minecraft:damage_taken":4624,"minecraft:damage_dealt":1323,"minecraft:swim_one_cm":85044,"minecraft:fly_one_cm":385647,"minecraft:open_chest":46,"minecraft:crouch_one_cm":2206,"minecraft:interact_with_smoker":5,"minecraft:fall_one_cm":83033,"minecraft:horse_one_cm":3966}},"DataVersion":3953}