{"stats":{"minecraft:mined":{"croptopia:orange_crop":7,"minecraft:red_bed":1,"minecraft:mossy_cobblestone":8,"minecraft:torch":2,"minecraft:crafting_table":4,"minecraft:granite":1,"minecraft:short_grass":66,"minecraft:grass_block":515,"minecraft:cobblestone":5,"minecraft:sugar_cane":5,"minecraft:wall_torch":1,"minecraft:birch_planks":2,"minecraft:birch_log":142,"minecraft:iron_ore":41,"minecraft:wheat":3,"minecraft:andesite":6,"minecraft:birch_leaves":6,"minecraft:moss_carpet":1,"minecraft:bee_nest":1,"minecraft:dirt_path":1,"minecraft:pointed_dripstone":6,"chococraft:gysahl_green":4,"minecraft:oak_log":16,"minecraft:coal_ore":47,"minecraft:gravel":7,"minecraft:dirt":88,"minecraft:stone":164},"minecraft:dropped":{"minecraft:stone_shovel":1,"minecraft:rotten_flesh":3,"minecraft:dirt":1},"minecraft:broken":{"minecraft:stone_pickaxe":1,"minecraft:iron_shovel":1,"minecraft:stone_axe":1,"minecraft:wooden_axe":1,"minecraft:stone_shovel":1},"minecraft:picked_up":{"minecraft:birch_log":139,"chococraft:loverly_gysahl_green":1,"minecraft:netherite_boots":1,"minecraft:crafting_table":4,"minecraft:wheat":3,"minecraft:andesite":6,"minecraft:birch_planks":2,"minecraft:oak_log":16,"minecraft:gunpowder":6,"minecraft:string":3,"minecraft:dirt":618,"minecraft:red_bed":1,"minecraft:moss_carpet":2,"minecraft:iron_leggings":1,"minecraft:bone":6,"chococraft:gysahl_green":10,"minecraft:wheat_seeds":22,"minecraft:diamond_helmet":1,"minecraft:sugar_cane":9,"minecraft:birch_sapling":37,"minecraft:egg":1,"minecraft:stick":23,"minecraft:raw_iron":41,"minecraft:torch":3,"minecraft:gravel":7,"chococraft:gysahl_green_seeds":4,"minecraft:pointed_dripstone":7,"minecraft:mossy_cobblestone":8,"minecraft:stone_shovel":1,"minecraft:arrow":1,"minecraft:diamond_chestplate":1,"minecraft:rotten_flesh":9,"waystones:waystone":3,"minecraft:diamond_boots":1,"croptopia:orange":9,"minecraft:granite":1,"minecraft:diamond_axe":1,"minecraft:bone_meal":135,"minecraft:golden_apple":13,"minecraft:bread":13,"minecraft:black_wool":1,"minecraft:mutton":4,"minecraft:coal":45,"minecraft:white_wool":2,"minecraft:cobblestone":159,"minecraft:diamond_pickaxe":1},"minecraft:crafted":{"minecraft:oak_planks":40,"minecraft:stone_shovel":1,"minecraft:crafting_table":2,"minecraft:wooden_pickaxe":2,"minecraft:iron_sword":1,"minecraft:furnace":1,"minecraft:bone_meal":6,"minecraft:bucket":1,"minecraft:birch_planks":544,"minecraft:stone_axe":1,"minecraft:bread":1,"minecraft:air":0,"minecraft:cooked_mutton":4,"minecraft:shield":1,"minecraft:iron_axe":1,"minecraft:iron_hoe":1,"minecraft:stick":36,"minecraft:iron_ingot":41,"minecraft:iron_pickaxe":2,"minecraft:stone_pickaxe":3,"minecraft:wooden_axe":3,"minecraft:iron_shovel":2,"minecraft:chest":1,"minecraft:birch_door":3,"minecraft:torch":52,"minecraft:birch_stairs":20},"minecraft:used":{"minecraft:wheat_seeds":22,"minecraft:cooked_mutton":4,"minecraft:water_bucket":6,"minecraft:iron_shovel":476,"minecraft:birch_planks":158,"minecraft:stone_shovel":149,"minecraft:stone_pickaxe":257,"minecraft:shield":15,"minecraft:chest":1,"minecraft:wooden_pickaxe":30,"minecraft:iron_sword":30,"minecraft:sugar_cane":6,"minecraft:torch":53,"minecraft:dirt":388,"minecraft:crafting_table":5,"minecraft:red_bed":1,"minecraft:granite":1,"croptopia:orange":5,"waystones:waystone":2,"minecraft:birch_door":2,"minecraft:iron_hoe":35,"minecraft:wooden_axe":74,"minecraft:iron_axe":8,"minecraft:bread":7,"minecraft:birch_sapling":1,"minecraft:gravel":1,"minecraft:stone_axe":113,"minecraft:cobblestone":39,"minecraft:bucket":6,"minecraft:furnace":1,"minecraft:birch_log":3,"chococraft:gysahl_green":3,"minecraft:egg":1,"minecraft:bone_meal":6,"minecraft:birch_stairs":18},"minecraft:killed":{"minecraft:spider":2,"minecraft:creeper":2,"minecraft:skeleton":3,"minecraft:sheep":3,"minecraft:zombie":8,"minecraft:bee":7},"minecraft:killed_by":{"minecraft:zombie_villager":2},"minecraft:custom":{"minecraft:interact_with_furnace":10,"minecraft:mob_kills":26,"minecraft:interact_with_crafting_table":33,"minecraft:leave_game":2,"minecraft:time_since_death":73158,"minecraft:sleep_in_bed":10,"minecraft:climb_one_cm":296,"minecraft:waystone_activated":4,"minecraft:time_since_rest":3675,"minecraft:sprint_one_cm":259610,"minecraft:damage_taken":1589,"minecraft:walk_one_cm":471633,"minecraft:damage_blocked_by_shield":375,"minecraft:drop":5,"minecraft:damage_dealt":3480,"minecraft:swim_one_cm":2358,"minecraft:fly_one_cm":169831,"minecraft:open_chest":29,"minecraft:crouch_one_cm":8128,"minecraft:play_time":151930,"minecraft:deaths":5,"minecraft:sneak_time":3614,"minecraft:walk_under_water_one_cm":392,"minecraft:jump":1417,"minecraft:walk_on_water_one_cm":3145,"minecraft:total_world_time":151930,"minecraft:fall_one_cm":22584}},"DataVersion":3953}