{"stats":{"minecraft:mined":{"minecraft:white_bed":3,"minecraft:red_bed":2,"minecraft:smoker":1,"minecraft:snow_block":12,"minecraft:orange_terracotta":1,"minecraft:crafting_table":6,"minecraft:torch":4,"minecraft:short_grass":16,"minecraft:emerald_ore":2,"minecraft:calcite":1,"minecraft:grass_block":32,"minecraft:spruce_fence":1,"minecraft:melon":5,"minecraft:decorated_pot":10,"minecraft:chest":1,"minecraft:grindstone":1,"minecraft:diorite_stairs":1,"minecraft:spruce_leaves":119,"minecraft:lapis_ore":8,"minecraft:wall_torch":6,"minecraft:hay_block":34,"minecraft:birch_log":2,"minecraft:iron_ore":45,"minecraft:wheat":3,"minecraft:ice":149,"minecraft:spruce_log":13,"minecraft:pumpkin":2,"minecraft:oak_log":27,"minecraft:pointed_dripstone":1,"minecraft:coal_ore":59,"minecraft:lantern":1,"minecraft:dripstone_block":1,"minecraft:dirt":49,"minecraft:packed_ice":4,"minecraft:terracotta":2,"minecraft:stone":337,"minecraft:orange_bed":1,"minecraft:oak_leaves":5,"minecraft:fern":1},"minecraft:killed_by":{"minecraft:zombie":2},"minecraft:dropped":{"minecraft:baked_potato":3,"minecraft:rotten_flesh":1,"minecraft:dirt":8,"minecraft:wooden_pickaxe":1},"minecraft:picked_up":{"minecraft:wooden_axe":2,"minecraft:birch_log":3,"minecraft:crafting_table":6,"minecraft:chicken":1,"minecraft:wooden_pickaxe":1,"minecraft:smoker":1,"minecraft:potato":1,"minecraft:potion":1,"minecraft:oak_log":27,"minecraft:brick":29,"minecraft:diorite_stairs":1,"minecraft:dirt":45,"minecraft:lapis_lazuli":56,"minecraft:red_bed":2,"minecraft:lantern":1,"minecraft:wheat_seeds":8,"minecraft:grindstone":1,"minecraft:spruce_planks":7,"minecraft:calcite":1,"minecraft:iron_ingot":2,"minecraft:redstone_torch":1,"minecraft:iron_pickaxe":1,"minecraft:melon_slice":22,"minecraft:chest":1,"minecraft:oak_planks":4,"minecraft:egg":1,"minecraft:stick":2,"minecraft:raw_iron":45,"minecraft:pumpkin":4,"minecraft:torch":17,"minecraft:porkchop":2,"minecraft:dripstone_block":1,"minecraft:snow_block":1,"minecraft:spruce_sapling":6,"minecraft:carrot":5,"minecraft:pointed_dripstone":1,"minecraft:white_bed":3,"minecraft:spruce_log":13,"minecraft:spider_eye":1,"minecraft:orange_bed":1,"minecraft:rotten_flesh":3,"minecraft:decorated_pot":1,"minecraft:stone_axe":1,"minecraft:spruce_boat":3,"minecraft:hay_block":34,"minecraft:emerald":2,"minecraft:bread":18,"minecraft:terracotta":1,"minecraft:oak_sapling":1,"minecraft:mutton":2,"minecraft:snowball":44,"minecraft:coal":82,"minecraft:cobblestone":336},"minecraft:killed":{"minecraft:pig":1,"minecraft:spider":1,"minecraft:zombie":2,"minecraft:chicken":1},"minecraft:crafted":{"minecraft:oak_planks":86,"minecraft:crafting_table":3,"minecraft:spruce_planks":52,"minecraft:wooden_pickaxe":3,"minecraft:baked_potato":3,"minecraft:cooked_chicken":1,"minecraft:birch_planks":8,"minecraft:air":0,"minecraft:stick":20,"minecraft:iron_ingot":2,"minecraft:stone_pickaxe":3,"minecraft:wooden_axe":1,"minecraft:torch":32},"minecraft:used":{"minecraft:wheat_seeds":3,"minecraft:stone_pickaxe":237,"minecraft:baked_potato":5,"minecraft:spruce_planks":2,"minecraft:wooden_pickaxe":144,"minecraft:cooked_chicken":1,"minecraft:torch":26,"minecraft:crafting_table":7,"minecraft:red_bed":1,"minecraft:white_bed":2,"minecraft:dripstone_block":1,"minecraft:snowball":44,"minecraft:spruce_boat":2,"minecraft:wooden_axe":63,"minecraft:melon_slice":12,"minecraft:bread":29,"minecraft:iron_pickaxe":26,"minecraft:stone_axe":21,"minecraft:cobblestone":50,"minecraft:egg":1,"minecraft:diorite_stairs":1},"minecraft:broken":{"minecraft:stone_pickaxe":1,"minecraft:stone_axe":1,"minecraft:wooden_axe":1,"minecraft:wooden_pickaxe":2},"minecraft:custom":{"minecraft:interact_with_furnace":3,"minecraft:mob_kills":5,"minecraft:interact_with_cartography_table":1,"minecraft:interact_with_crafting_table":12,"minecraft:leave_game":6,"minecraft:time_since_death":57167,"minecraft:sleep_in_bed":5,"minecraft:climb_one_cm":1541,"minecraft:time_since_rest":12846,"minecraft:sprint_one_cm":401960,"minecraft:damage_taken":2866,"minecraft:walk_one_cm":270261,"minecraft:drop":5,"minecraft:damage_dealt":855,"minecraft:swim_one_cm":82385,"minecraft:talked_to_villager":3,"minecraft:fly_one_cm":253112,"minecraft:open_chest":27,"minecraft:crouch_one_cm":1672,"minecraft:play_time":139700,"minecraft:deaths":4,"minecraft:sneak_time":551,"minecraft:walk_under_water_one_cm":50037,"minecraft:boat_one_cm":501270,"minecraft:jump":2034,"minecraft:interact_with_blast_furnace":5,"minecraft:walk_on_water_one_cm":32059,"minecraft:total_world_time":139700,"minecraft:fall_one_cm":66155,"minecraft:horse_one_cm":3966}},"DataVersion":3953}