{"stats":{"minecraft:mined":{"minecraft:white_bed":3,"minecraft:red_bed":1,"minecraft:snow_block":12,"minecraft:crafting_table":4,"minecraft:torch":4,"minecraft:short_grass":8,"minecraft:grass_block":25,"minecraft:spruce_fence":1,"minecraft:decorated_pot":5,"minecraft:chest":1,"minecraft:diorite_stairs":1,"minecraft:spruce_leaves":119,"minecraft:lapis_ore":8,"minecraft:wall_torch":6,"minecraft:hay_block":18,"minecraft:birch_log":2,"minecraft:iron_ore":8,"minecraft:wheat":3,"minecraft:ice":149,"minecraft:spruce_log":13,"minecraft:pumpkin":2,"minecraft:oak_log":27,"minecraft:pointed_dripstone":1,"minecraft:coal_ore":51,"minecraft:lantern":1,"minecraft:dripstone_block":1,"minecraft:dirt":48,"minecraft:packed_ice":4,"minecraft:stone":332,"minecraft:oak_leaves":5,"minecraft:fern":1},"minecraft:killed_by":{"minecraft:zombie":2},"minecraft:dropped":{"minecraft:baked_potato":3,"minecraft:rotten_flesh":1,"minecraft:wooden_pickaxe":1},"minecraft:picked_up":{"minecraft:wooden_axe":2,"minecraft:birch_log":2,"minecraft:crafting_table":4,"minecraft:chicken":1,"minecraft:wooden_pickaxe":1,"minecraft:oak_log":27,"minecraft:brick":13,"minecraft:diorite_stairs":1,"minecraft:dirt":37,"minecraft:lapis_lazuli":56,"minecraft:red_bed":1,"minecraft:lantern":1,"minecraft:wheat_seeds":4,"minecraft:spruce_planks":7,"minecraft:iron_ingot":2,"minecraft:redstone_torch":1,"minecraft:iron_pickaxe":1,"minecraft:chest":1,"minecraft:oak_planks":4,"minecraft:egg":1,"minecraft:stick":2,"minecraft:raw_iron":8,"minecraft:pumpkin":4,"minecraft:torch":17,"minecraft:dripstone_block":1,"minecraft:snow_block":1,"minecraft:spruce_sapling":6,"minecraft:pointed_dripstone":1,"minecraft:white_bed":3,"minecraft:spruce_log":13,"minecraft:spider_eye":1,"minecraft:rotten_flesh":3,"minecraft:stone_axe":1,"minecraft:spruce_boat":3,"minecraft:hay_block":18,"minecraft:bread":18,"minecraft:oak_sapling":1,"minecraft:mutton":2,"minecraft:snowball":44,"minecraft:coal":74,"minecraft:cobblestone":331},"minecraft:killed":{"minecraft:zombie":2,"minecraft:chicken":1},"minecraft:crafted":{"minecraft:oak_planks":86,"minecraft:crafting_table":3,"minecraft:spruce_planks":52,"minecraft:wooden_pickaxe":3,"minecraft:baked_potato":3,"minecraft:cooked_chicken":1,"minecraft:birch_planks":8,"minecraft:air":0,"minecraft:stick":20,"minecraft:iron_ingot":2,"minecraft:stone_pickaxe":3,"minecraft:wooden_axe":1,"minecraft:torch":32},"minecraft:used":{"minecraft:wheat_seeds":3,"minecraft:stone_pickaxe":204,"minecraft:baked_potato":5,"minecraft:spruce_planks":2,"minecraft:wooden_pickaxe":133,"minecraft:cooked_chicken":1,"minecraft:torch":20,"minecraft:crafting_table":5,"minecraft:red_bed":1,"minecraft:white_bed":2,"minecraft:dripstone_block":1,"minecraft:snowball":44,"minecraft:spruce_boat":2,"minecraft:wooden_axe":22,"minecraft:bread":14,"minecraft:stone_axe":21,"minecraft:cobblestone":50,"minecraft:egg":1,"minecraft:diorite_stairs":1},"minecraft:broken":{"minecraft:stone_pickaxe":1,"minecraft:stone_axe":1,"minecraft:wooden_pickaxe":1},"minecraft:custom":{"minecraft:interact_with_furnace":3,"minecraft:mob_kills":3,"minecraft:interact_with_crafting_table":11,"minecraft:leave_game":6,"minecraft:time_since_death":21167,"minecraft:sleep_in_bed":3,"minecraft:time_since_rest":21222,"minecraft:sprint_one_cm":255786,"minecraft:damage_taken":2056,"minecraft:walk_one_cm":215391,"minecraft:drop":4,"minecraft:damage_dealt":576,"minecraft:swim_one_cm":21657,"minecraft:talked_to_villager":1,"minecraft:fly_one_cm":160164,"minecraft:open_chest":11,"minecraft:crouch_one_cm":1672,"minecraft:play_time":103700,"minecraft:deaths":4,"minecraft:sneak_time":551,"minecraft:walk_under_water_one_cm":10962,"minecraft:boat_one_cm":501270,"minecraft:jump":1403,"minecraft:interact_with_blast_furnace":5,"minecraft:walk_on_water_one_cm":13925,"minecraft:total_world_time":103700,"minecraft:fall_one_cm":39381}},"DataVersion":3953}