{
  "minecraft:recipes/decorations/crafting_table": {
    "criteria": {
      "unlock_right_away": "2024-11-25 03:04:35 +0000"
    },
    "done": true
  },
  "minecraft:adventure/adventuring_time": {
    "criteria": {
      "minecraft:frozen_river": "2024-11-25 03:09:09 +0000",
      "minecraft:forest": "2024-11-26 06:37:06 +0000",
      "minecraft:river": "2024-11-26 06:37:00 +0000",
      "minecraft:meadow": "2024-11-26 06:37:16 +0000",
      "minecraft:snowy_plains": "2024-11-25 03:04:35 +0000",
      "minecraft:snowy_taiga": "2024-11-25 03:09:14 +0000",
      "minecraft:plains": "2024-11-26 06:37:02 +0000"
    },
    "done": false
  },
  "minecraft:adventure/root": {
    "criteria": {
      "killed_by_something": "2024-11-25 03:05:34 +0000"
    },
    "done": true
  },
  "minecraft:end/elytra": {
    "criteria": {
      "elytra": "2024-11-26 06:36:13 +0000"
    },
    "done": true
  },
  "DataVersion": 3953
}