{
  "minecraft:recipes/decorations/crafting_table": {
    "criteria": {
      "unlock_right_away": "2024-11-28 02:16:43 +0000"
    },
    "done": true
  },
  "minecraft:adventure/distant_lands": {
    "criteria": {
      "minecraft:forest": "2024-11-28 02:16:44 +0000",
      "minecraft:plains": "2024-11-28 02:17:29 +0000"
    },
    "done": false
  },
  "minecraft:adventure/adventuring_time": {
    "criteria": {
      "minecraft:forest": "2024-11-28 02:16:44 +0000",
      "minecraft:plains": "2024-11-28 02:17:29 +0000"
    },
    "done": false
  },
  "DataVersion": 3953
}